,sku,went_on_backorder
0,1026827,0
1,1043384,0
2,1043696,0
3,1043852,0
4,1044048,0
5,1044198,0
6,1044643,0
7,1045098,0
8,1045815,0
9,1045867,0
10,1045918,0
11,1047146,0
12,1047199,0
13,1047661,0
14,1049160,0
15,1049468,0
16,1050390,0
17,1050440,0
18,1117808,0
19,1050856,0
20,1118063,0
21,1127154,0
22,1127410,0
23,1128393,0
24,1051516,0
25,1128591,0
26,1130534,0
27,1051715,0
28,1053950,0
29,1132770,0
30,1141087,0
31,1054562,0
32,1141767,0
33,1156929,0
34,1157130,0
35,1055673,0
36,1157334,0
37,1055821,0
38,1158662,0
39,1166209,0
40,1056218,0
41,1174215,0
42,1057603,0
43,1177491,0
44,1057852,0
45,1058160,0
46,1058265,0
47,1180136,0
48,1058368,0
49,1180289,0
50,1180688,0
51,1181323,0
52,1183869,0
53,1188666,0
54,1208397,0
55,1211975,0
56,1214111,0
57,1215996,0
58,1216977,0
59,1060534,0
60,1060585,0
61,1060788,0
62,1217629,0
63,1218378,0
64,1218575,0
65,1219165,0
66,1061567,0
67,1220808,0
68,1221415,0
69,1062032,0
70,1062234,0
71,1062797,0
72,1225137,0
73,1226726,0
74,1063838,0
75,1063988,0
76,1235137,0
77,1064294,0
78,1236537,0
79,1237426,0
80,1064605,0
81,1064969,0
82,1065629,0
83,1065731,0
84,1066194,0
85,1066247,0
86,1067103,0
87,1067203,0
88,1067755,0
89,1068264,0
90,1068576,0
91,1068628,0
92,1068990,0
93,1111573,0
94,1111574,0
95,1111575,0
96,1111576,0
97,1111577,0
98,1111578,0
99,1111579,0
100,1111580,0
101,1111581,0
102,1111582,0
103,1111583,0
104,1111584,0
105,1111585,0
106,1111586,0
107,1111587,0
108,1111588,0
109,1111589,0
110,1111590,0
111,1111591,0
112,1111592,0
113,1111593,0
114,1111594,0
115,1111595,0
116,1111596,0
117,1111597,0
118,1111598,0
119,1111599,0
120,1111600,0
121,1111601,0
122,1111602,0
123,1111603,0
124,1111604,0
125,1111605,0
126,1111606,0
127,1111607,0
128,1111608,0
129,1111609,0
130,1111610,0
131,1111611,0
132,1111612,0
133,1111613,0
134,1111614,0
135,1111615,0
136,1111616,0
137,1111617,0
138,1111618,0
139,1111619,0
140,1111620,0
141,1111621,0
142,1111622,0
143,1111623,0
144,1111624,0
145,1111625,0
146,1111626,0
147,1111627,0
148,1111628,0
149,1111629,0
150,1111630,0
151,1111631,0
152,1111632,0
153,1111633,0
154,1111634,0
155,1111635,0
156,1111636,0
157,1111637,0
158,1111638,0
159,1111639,0
160,1111640,0
161,1111788,0
162,1111641,0
163,1111642,0
164,1111643,0
165,1111644,0
166,1111645,0
167,1111646,0
168,1111647,0
169,1111648,0
170,1111649,0
171,1111650,0
172,1111651,0
173,1111652,0
174,1111653,0
175,1111654,0
176,1111655,0
177,1111656,0
178,1111657,0
179,1111658,0
180,1111659,0
181,1111660,0
182,1111661,0
183,1111662,0
184,1111663,0
185,1111664,0
186,1111665,0
187,1111666,0
188,1111667,0
189,1111668,0
190,1111669,0
191,1111670,0
192,1111671,0
193,1111672,0
194,1111673,0
195,1111674,0
196,1111675,0
197,1111676,0
198,1111677,0
199,1111678,0
200,1111679,0
201,1111680,0
202,1111681,0
203,1111682,0
204,1111683,0
205,1111684,0
206,1111685,0
207,1111686,0
208,1111687,0
209,1111688,0
210,1111689,0
211,1111690,0
212,1111691,0
213,1111692,0
214,1111693,0
215,1111694,0
216,1111695,0
217,1111696,0
218,1111697,0
219,1111698,0
220,1111699,0
221,1111700,0
222,1111701,0
223,1111702,0
224,1111703,0
225,1111704,0
226,1111705,0
227,1111706,0
228,1111707,0
229,1111708,0
230,1111709,0
231,1111710,0
232,1111711,0
233,1111712,0
234,1111713,0
235,1111714,0
236,1111715,0
237,1111716,0
238,1111717,0
239,1111718,0
240,1111719,0
241,1111720,0
242,1111721,0
243,1111722,0
244,1111723,0
245,1111724,0
246,1111725,0
247,1111726,0
248,1111727,0
249,1111728,0
250,1111729,0
251,1111730,0
252,1111731,0
253,1111732,0
254,1111733,0
255,1111734,0
256,1111735,0
257,1111736,0
258,1111737,0
259,1111738,0
260,1112294,0
261,1111739,0
262,1111740,0
263,1111741,0
264,1111742,0
265,1111743,0
266,1111744,0
267,1111745,0
268,1111746,0
269,1111747,0
270,1111748,0
271,1111749,0
272,1111750,0
273,1111751,0
274,1111752,0
275,1111753,0
276,1111754,0
277,1111755,0
278,1111756,0
279,1111757,0
280,1111758,0
281,1111759,0
282,1111760,0
283,1111761,0
284,1111762,0
285,1111763,0
286,1111764,0
287,1111765,0
288,1111766,0
289,1111767,0
290,1111768,0
291,1111769,0
292,1111770,0
293,1111771,0
294,1111772,0
295,1111773,0
296,1111774,0
297,1111775,0
298,1111776,0
299,1111777,0
300,1111778,0
301,1111779,0
302,1111780,0
303,1111781,0
304,1111782,0
305,1111783,0
306,1111784,0
307,1111785,0
308,1111786,0
309,1111787,0
310,1111789,0
311,1111790,0
312,1111791,0
313,1111792,0
314,1111793,0
315,1111794,0
316,1111795,0
317,1111796,0
318,1111797,0
319,1111798,0
320,1111799,0
321,1111800,0
322,1111801,0
323,1111802,0
324,1111803,0
325,1111804,0
326,1111805,0
327,1111806,0
328,1111807,0
329,1111808,0
330,1111809,0
331,1111810,0
332,1111811,0
333,1111812,0
334,1111813,0
335,1111814,0
336,1111815,0
337,1111816,0
338,1111817,0
339,1111818,0
340,1111819,0
341,1111820,0
342,1111821,0
343,1111822,0
344,1111823,0
345,1111824,0
346,1111825,0
347,1111826,0
348,1111827,0
349,1111828,0
350,1111829,0
351,1111830,0
352,1111831,0
353,1111832,0
354,1111833,0
355,1111834,0
356,1111835,0
357,1111836,0
358,1111837,0
359,1111838,0
360,1111839,0
361,1111840,0
362,1111841,0
363,1111842,0
364,1111843,0
365,1111844,0
366,1111845,0
367,1111846,0
368,1111847,0
369,1111848,0
370,1111849,0
371,1111850,0
372,1111851,0
373,1111852,0
374,1111853,0
375,1111854,0
376,1111855,0
377,1111856,0
378,1111857,0
379,1111858,0
380,1111859,0
381,1111860,0
382,1111861,0
383,1111862,0
384,1111863,0
385,1111864,0
386,1111865,0
387,1111866,0
388,1111867,0
389,1111868,0
390,1111869,0
391,1111870,0
392,1111871,0
393,1111872,0
394,1111873,0
395,1111874,0
396,1111875,0
397,1111876,0
398,1111877,0
399,1111878,0
400,1111879,0
401,1111880,0
402,1111881,0
403,1111882,0
404,1111883,0
405,1111884,0
406,1111885,0
407,1111886,0
408,1111887,0
409,1111888,0
410,1111889,0
411,1111890,0
412,1111891,0
413,1111892,0
414,1111893,0
415,1111894,0
416,1111895,0
417,1111896,0
418,1111897,0
419,1111898,0
420,1111899,0
421,1111900,0
422,1111901,0
423,1111902,0
424,1111903,0
425,1111904,0
426,1111905,0
427,1111906,0
428,1111907,0
429,1111908,0
430,1111909,0
431,1111910,0
432,1111911,0
433,1111912,0
434,1111913,0
435,1111914,0
436,1111915,0
437,1111916,0
438,1111917,0
439,1111918,0
440,1111919,0
441,1111920,0
442,1111921,0
443,1111922,0
444,1111923,0
445,1111924,0
446,1111925,0
447,1111926,0
448,1111927,0
449,1111928,0
450,1111929,0
451,1111930,0
452,1111931,0
453,1111932,0
454,1111933,0
455,1111934,0
456,1111935,0
457,1111936,0
458,1111937,0
459,1111938,0
460,1111939,0
461,1111940,0
462,1111941,0
463,1111942,0
464,1111943,0
465,1111944,0
466,1111945,0
467,1111946,0
468,1111947,0
469,1111948,0
470,1111949,0
471,1111950,0
472,1111951,0
473,1111952,0
474,1111953,0
475,1111954,0
476,1111955,0
477,1111956,0
478,1111957,0
479,1111958,0
480,1111959,0
481,1111960,0
482,1111961,0
483,1111962,0
484,1111963,0
485,1111964,0
486,1111965,0
487,1111966,0
488,1111967,0
489,1111968,0
490,1111969,0
491,1111970,0
492,1111971,0
493,1111972,0
494,1111973,0
495,1111974,0
496,1111975,0
497,1111976,0
498,1111977,0
499,1111978,0
500,1111979,0
501,1111980,0
502,1111981,0
503,1111982,0
504,1111983,0
505,1111984,0
506,1111985,0
507,1111986,0
508,1111987,0
509,1111988,0
510,1111989,0
511,1111990,0
512,1111991,0
513,1111992,0
514,1111993,0
515,1111994,0
516,1111995,0
517,1111996,0
518,1111997,0
519,1111998,0
520,1111999,0
521,1112000,0
522,1112001,0
523,1112002,0
524,1112003,0
525,1112004,0
526,1112005,0
527,1112006,0
528,1112007,0
529,1112008,0
530,1112009,0
531,1112010,0
532,1112011,0
533,1112012,0
534,1112013,0
535,1112014,0
536,1112015,0
537,1112016,0
538,1112017,0
539,1112018,0
540,1112019,0
541,1112020,0
542,1112021,0
543,1112022,0
544,1112023,0
545,1112024,0
546,1112025,0
547,1112026,0
548,1112027,0
549,1112028,0
550,1112029,0
551,1112030,0
552,1112031,0
553,1112032,0
554,1112033,0
555,1112034,0
556,1112035,0
557,1112036,0
558,1112037,0
559,1112038,0
560,1112039,0
561,1112040,0
562,1112041,0
563,1112042,0
564,1112043,0
565,1112044,0
566,1112045,0
567,1112046,0
568,1112047,0
569,1112048,0
570,1112049,0
571,1112050,0
572,1112051,0
573,1112052,0
574,1112053,0
575,1112054,0
576,1112055,0
577,1112056,0
578,1112057,0
579,1112058,0
580,1112059,0
581,1112060,0
582,1112061,0
583,1112062,0
584,1112063,0
585,1112064,0
586,1112065,0
587,1112066,0
588,1112067,0
589,1112068,0
590,1112069,0
591,1112070,0
592,1112071,0
593,1112072,0
594,1112073,0
595,1112074,0
596,1112075,0
597,1112076,0
598,1112077,0
599,1112078,0
600,1112079,0
601,1112080,0
602,1112081,0
603,1112082,0
604,1112083,0
605,1112084,0
606,1112085,0
607,1112086,0
608,1112087,0
609,1112088,0
610,1112089,0
611,1112090,0
612,1112091,0
613,1112092,0
614,1112093,0
615,1112094,0
616,1112095,0
617,1112096,0
618,1112097,0
619,1112098,0
620,1112099,0
621,1112100,0
622,1112101,0
623,1112102,0
624,1112103,0
625,1112104,0
626,1112105,0
627,1112106,0
628,1112107,0
629,1112108,0
630,1112109,0
631,1112110,0
632,1112111,0
633,1112112,0
634,1112113,0
635,1112114,0
636,1112115,0
637,1112116,0
638,1112117,0
639,1112118,0
640,1112119,0
641,1112120,0
642,1112121,0
643,1112122,0
644,1112123,0
645,1112124,0
646,1112125,0
647,1112126,0
648,1112127,0
649,1112128,0
650,1112129,0
651,1112130,0
652,1112131,0
653,1112132,0
654,1112133,0
655,1112134,0
656,1112135,0
657,1112136,0
658,1112137,0
659,1112138,0
660,1112139,0
661,1112140,0
662,1112141,0
663,1112142,0
664,1112143,0
665,1112144,0
666,1112145,0
667,1112146,0
668,1112147,0
669,1112148,0
670,1112149,0
671,1112150,0
672,1112151,0
673,1112152,0
674,1112153,0
675,1112154,0
676,1112155,0
677,1112156,0
678,1112157,0
679,1112158,0
680,1112159,0
681,1112160,0
682,1112161,0
683,1112162,0
684,1112163,0
685,1112164,0
686,1112165,0
687,1112166,0
688,1112167,0
689,1112168,0
690,1112169,0
691,1112170,0
692,1112171,0
693,1112172,0
694,1112173,0
695,1112174,0
696,1112175,0
697,1112176,0
698,1112177,0
699,1112178,0
700,1112179,0
701,1112180,0
702,1112181,0
703,1112182,0
704,1112183,0
705,1112184,0
706,1112185,0
707,1112186,0
708,1112187,0
709,1112188,0
710,1112189,0
711,1112190,0
712,1112191,0
713,1112192,0
714,1112193,0
715,1112194,0
716,1112195,0
717,1112196,0
718,1112197,0
719,1112198,0
720,1112199,0
721,1112200,0
722,1112201,0
723,1112202,0
724,1112203,0
725,1112204,0
726,1112205,0
727,1112206,0
728,1112207,0
729,1112208,0
730,1112209,0
731,1112210,0
732,1112211,0
733,1112212,0
734,1112213,0
735,1112214,0
736,1112215,0
737,1112216,0
738,1112217,0
739,1112218,0
740,1112219,0
741,1112220,0
742,1112221,0
743,1112222,0
744,1112223,0
745,1112224,0
746,1112225,0
747,1112226,0
748,1112227,0
749,1112228,0
750,1112229,0
751,1112230,0
752,1112231,0
753,1112232,0
754,1112233,0
755,1112234,0
756,1112235,0
757,1112236,0
758,1112237,0
759,1112238,0
760,1112239,0
761,1112240,0
762,1112241,0
763,1112242,0
764,1112243,0
765,1112244,0
766,1112245,0
767,1112246,0
768,1112247,0
769,1112248,0
770,1112249,0
771,1112250,0
772,1112251,0
773,1112252,0
774,1112253,0
775,1112254,0
776,1112255,0
777,1112256,0
778,1112257,0
779,1112258,0
780,1112259,0
781,1112260,0
782,1112261,0
783,1112262,0
784,1112263,0
785,1112264,0
786,1112265,0
787,1112266,0
788,1112267,0
789,1112268,0
790,1112269,0
791,1112270,0
792,1112271,0
793,1112272,0
794,1112273,0
795,1112274,0
796,1112275,0
797,1112276,0
798,1112277,0
799,1112278,0
800,1112279,0
801,1112280,0
802,1112281,0
803,1112282,0
804,1112283,0
805,1112284,0
806,1112285,0
807,1112286,0
808,1112287,0
809,1112288,0
810,1112289,0
811,1112290,0
812,1112291,0
813,1112292,0
814,1112293,0
815,1112295,0
816,1112296,0
817,1112297,0
818,1112298,0
819,1112299,0
820,1112300,0
821,1112301,0
822,1112302,0
823,1112303,0
824,1112304,0
825,1112305,0
826,1112306,0
827,1112307,0
828,1112308,0
829,1112309,0
830,1112310,0
831,1112311,0
832,1112312,0
833,1112313,0
834,1112314,0
835,1112315,0
836,1112316,0
837,1112317,0
838,1112318,0
839,1112319,0
840,1112320,0
841,1112321,0
842,1112322,0
843,1112323,0
844,1112324,0
845,1112325,0
846,1112326,0
847,1112327,0
848,1112328,0
849,1112329,0
850,1112330,0
851,1112331,0
852,1112332,0
853,1112333,0
854,1112334,0
855,1112335,0
856,1112336,0
857,1112337,0
858,1112338,0
859,1112339,0
860,1112340,0
861,1112341,0
862,1112342,0
863,1112343,0
864,1112344,0
865,1112345,0
866,1112346,0
867,1112347,0
868,1112348,0
869,1112349,0
870,1112350,0
871,1112351,0
872,1112352,0
873,1112353,0
874,1112354,0
875,1112355,0
876,1112356,0
877,1112357,0
878,1112358,0
879,1112359,0
880,1112360,0
881,1112361,0
882,1112362,0
883,1112363,0
884,1112364,0
885,1112365,0
886,1112366,0
887,1112367,0
888,1112368,0
889,1112369,0
890,1112370,0
891,1112371,0
892,1112372,0
893,1112373,0
894,1112374,0
895,1112375,0
896,1112376,0
897,1112377,0
898,1112378,0
899,1112379,0
900,1112380,0
901,1112381,0
902,1112382,0
903,1112383,0
904,1112384,0
905,1112385,0
906,1112386,0
907,1112387,0
908,1112388,0
909,1112389,0
910,1112390,0
911,1112391,0
912,1112392,0
913,1112393,0
914,1112394,0
915,1112395,0
916,1112396,0
917,1112397,0
918,1112398,0
919,1112399,0
920,1112400,0
921,1112401,0
922,1112402,0
923,1112403,0
924,1112404,0
925,1112405,0
926,1112406,0
927,1112407,0
928,1112408,0
929,1112409,0
930,1112410,0
931,1112411,0
932,1112412,0
933,1112413,0
934,1112414,0
935,1112415,0
936,1112416,0
937,1112417,0
938,1112418,0
939,1112419,0
940,1112420,0
941,1112421,0
942,1112422,0
943,1112423,0
944,1112424,0
945,1112425,0
946,1112426,0
947,1112427,0
948,1112428,0
949,1112429,0
950,1112430,0
951,1112431,0
952,1112432,0
953,1112433,0
954,1112434,0
955,1112435,0
956,1112436,0
957,1112437,0
958,1112438,0
959,1112439,0
960,1112440,0
961,1112441,0
962,1112442,0
963,1112443,0
964,1112444,0
965,1112445,0
966,1112446,0
967,1112447,0
968,1112448,0
969,1112449,0
970,1112450,0
971,1112451,0
972,1112452,0
973,1112453,0
974,1112454,0
975,1112455,0
976,1112456,0
977,1112457,0
978,1112458,0
979,1112459,0
980,1112460,0
981,1112461,0
982,1112462,0
983,1112463,0
984,1112464,0
985,1112465,0
986,1112466,0
987,1112467,0
988,1112468,0
989,1112469,0
990,1112470,0
991,1112471,0
992,1112472,0
993,1112473,0
994,1112474,0
995,1112475,0
996,1112476,0
997,1112477,0
998,1112478,0
999,1112479,0
1000,1112480,0
1001,1112481,0
1002,1112482,0
1003,1112483,0
1004,1112484,0
1005,1112485,0
1006,1112486,0
1007,1112487,0
1008,1112488,0
1009,1112489,0
1010,1112490,0
1011,1112491,0
1012,1112492,0
1013,1112493,0
1014,1112494,0
1015,1112495,0
1016,1112496,0
1017,1112497,0
1018,1112498,0
1019,1112499,0
1020,1112500,0
1021,1112501,0
1022,1112502,0
1023,1112503,0
1024,1112504,0
1025,1112505,0
1026,1112506,0
1027,1112507,0
1028,1112508,0
1029,1112509,0
1030,1112510,0
1031,1112511,0
1032,1112512,0
1033,1112513,0
1034,1112514,0
1035,1112515,0
1036,1112516,0
1037,1112517,0
1038,1112518,0
1039,1112519,0
1040,1112520,0
1041,1112521,0
1042,1112522,0
1043,1112523,0
1044,1112524,0
1045,1112525,0
1046,1112526,0
1047,1112527,0
1048,1112528,0
1049,1112529,0
1050,1112530,0
1051,1112531,0
1052,1112532,0
1053,1112533,0
1054,1112534,0
1055,1112535,0
1056,1112536,0
1057,1112537,0
1058,1112538,0
1059,1112539,0
1060,1112540,0
1061,1112541,0
1062,1112542,0
1063,1112543,0
1064,1112544,0
1065,1112545,0
1066,1112546,0
1067,1112547,0
1068,1112548,0
1069,1112549,0
1070,1112550,0
1071,1112551,0
1072,1112552,0
1073,1112553,0
1074,1112554,0
1075,1112555,0
1076,1112556,0
1077,1112557,0
1078,1112558,0
1079,1112559,0
1080,1112560,0
1081,1112561,0
1082,1112562,0
1083,1112563,0
1084,1112564,0
1085,1112565,0
1086,1112566,0
1087,1112567,0
1088,1112568,0
1089,1112569,0
1090,1112570,0
1091,1112571,0
1092,1112572,0
1093,1112573,0
1094,1112574,0
1095,1112575,0
1096,1112576,0
1097,1112577,0
1098,1112578,0
1099,1112579,0
1100,1112580,0
1101,1112581,0
1102,1112582,0
1103,1112583,0
1104,1112584,0
1105,1112585,0
1106,1112586,0
1107,1112587,0
1108,1112588,0
1109,1112589,0
1110,1112590,0
1111,1112591,0
1112,1112592,0
1113,1112593,0
1114,1112594,0
1115,1112595,0
1116,1112596,0
1117,1112597,0
1118,1112598,0
1119,1112599,0
1120,1112600,0
1121,1112601,0
1122,1112602,0
1123,1112603,0
1124,1112604,0
1125,1112605,0
1126,1112606,0
1127,1112607,0
1128,1112608,0
1129,1112609,0
1130,1112610,0
1131,1112611,0
1132,1112612,0
1133,1112613,0
1134,1112614,0
1135,1112615,0
1136,1112616,0
1137,1112617,0
1138,1112618,0
1139,1112619,0
1140,1112620,0
1141,1112621,0
1142,1112622,0
1143,1112623,0
1144,1112624,0
1145,1112625,0
1146,1112626,0
1147,1112627,0
1148,1112628,0
1149,1112629,0
1150,1112630,0
1151,1112631,0
1152,1112632,0
1153,1112633,0
1154,1112634,0
1155,1112635,0
1156,1112636,0
1157,1112637,0
1158,1112638,0
1159,1112639,0
1160,1112640,0
1161,1112641,0
1162,1112642,0
1163,1112643,0
1164,1112644,0
1165,1112645,0
1166,1112646,0
1167,1112647,0
1168,1112648,0
1169,1112649,0
1170,1112650,0
1171,1112651,0
1172,1112652,0
1173,1112653,0
1174,1112654,0
1175,1112655,0
1176,1112656,0
1177,1112657,0
1178,1112658,0
1179,1112659,0
1180,1112660,0
1181,1112661,0
1182,1112662,0
1183,1112663,0
1184,1112664,0
1185,1112665,0
1186,1112666,0
1187,1112667,0
1188,1112668,0
1189,1112669,0
1190,1112670,0
1191,1112671,0
1192,1112672,0
1193,1112673,0
1194,1112674,0
1195,1112675,0
1196,1112676,0
1197,1112677,0
1198,1112678,0
1199,1112679,0
1200,1112680,0
1201,1112681,0
1202,1112682,0
1203,1112683,0
1204,1112684,0
1205,1112685,0
1206,1112686,0
1207,1112687,0
1208,1112688,0
1209,1112689,0
1210,1112690,0
1211,1112691,0
1212,1112692,0
1213,1112693,0
1214,1112694,0
1215,1112695,0
1216,1112696,0
1217,1112697,0
1218,1112698,0
1219,1112699,0
1220,1112700,0
1221,1112701,0
1222,1112702,0
1223,1112703,0
1224,1112704,0
1225,1112705,0
1226,1112706,0
1227,1112707,0
1228,1112708,0
1229,1112709,0
1230,1112710,0
1231,1112711,0
1232,1112712,0
1233,1112713,0
1234,1112714,0
1235,1112715,0
1236,1112716,0
1237,1112717,0
1238,1112718,0
1239,1112719,0
1240,1112720,0
1241,1112721,0
1242,1112722,0
1243,1112723,0
1244,1112724,0
1245,1112725,0
1246,1112726,0
1247,1112727,0
1248,1112728,0
1249,1112729,0
1250,1112730,0
1251,1112731,0
1252,1112732,0
1253,1112733,0
1254,1112734,0
1255,1112735,0
1256,1112736,0
1257,1112737,0
1258,1112738,0
1259,1112739,0
1260,1112740,0
1261,1112741,0
1262,1112742,0
1263,1112743,0
1264,1112744,0
1265,1112745,0
1266,1112746,0
1267,1112747,0
1268,1112748,0
1269,1112749,0
1270,1112750,0
1271,1112751,0
1272,1112752,0
1273,1112753,0
1274,1112754,0
1275,1112755,0
1276,1112756,0
1277,1112757,0
1278,1112758,0
1279,1112759,0
1280,1112760,0
1281,1112761,0
1282,1112762,0
1283,1112763,0
1284,1112764,0
1285,1112765,0
1286,1112766,0
1287,1112767,0
1288,1112768,0
1289,1112769,0
1290,1112770,0
1291,1112771,0
1292,1112772,0
1293,1112773,0
1294,1112774,0
1295,1112775,0
1296,1112776,0
1297,1112777,0
1298,1112778,0
1299,1112779,0
1300,1112780,0
1301,1112781,0
1302,1112782,0
1303,1112783,0
1304,1112784,0
1305,1112785,0
1306,1112786,0
1307,1112787,0
1308,1112788,0
1309,1112789,0
1310,1112790,0
1311,1112791,0
1312,1112792,0
1313,1112793,0
1314,1112794,0
1315,1112795,0
1316,1112796,0
1317,1112797,0
1318,1112798,0
1319,1112799,0
1320,1112800,0
1321,1112801,0
1322,1112802,0
1323,1112803,0
1324,1112804,0
1325,1112805,0
1326,1112806,0
1327,1112807,0
1328,1112808,0
1329,1112809,0
1330,1112810,0
1331,1112811,0
1332,1112812,0
1333,1112813,0
1334,1112814,0
1335,1112815,0
1336,1112816,0
1337,1112817,0
1338,1112818,0
1339,1112819,0
1340,1112820,0
1341,1112821,0
1342,1112822,0
1343,1112823,0
1344,1112824,0
1345,1112825,0
1346,1112826,0
1347,1112827,0
1348,1112828,0
1349,1112829,0
1350,1112830,0
1351,1112831,0
1352,1112832,0
1353,1112833,0
1354,1112834,0
1355,1112835,0
1356,1112836,0
1357,1112837,0
1358,1112838,0
1359,1112839,0
1360,1112840,0
1361,1112841,0
1362,1112842,0
1363,1112843,0
1364,1112844,0
1365,1112845,0
1366,1112846,0
1367,1112847,0
1368,1112848,0
1369,1112849,0
1370,1112850,0
1371,1112851,0
1372,1112852,0
1373,1112853,0
1374,1112854,0
1375,1112855,0
1376,1112856,0
1377,1112857,0
1378,1112858,0
1379,1112859,0
1380,1112860,0
1381,1112861,0
1382,1112862,0
1383,1112863,0
1384,1112864,0
1385,1112865,0
1386,1112866,0
1387,1112867,0
1388,1112868,0
1389,1112869,0
1390,1112870,0
1391,1112871,0
1392,1112872,0
1393,1112873,0
1394,1112874,0
1395,1112875,0
1396,1112876,0
1397,1112877,0
1398,1112878,0
1399,1112879,0
1400,1112880,0
1401,1112881,0
1402,1112882,0
1403,1112883,0
1404,1112884,0
1405,1112885,0
1406,1112886,0
1407,1112887,0
1408,1112888,0
1409,1112889,0
1410,1112890,0
1411,1112891,0
1412,1112892,0
1413,1112893,0
1414,1112894,0
1415,1112895,0
1416,1112896,0
1417,1112897,0
1418,1112898,0
1419,1112899,0
1420,1112900,0
1421,1112901,0
1422,1112902,0
1423,1112903,0
1424,1112904,0
1425,1112905,0
1426,1112906,0
1427,1112907,0
1428,1112908,0
1429,1112909,0
1430,1112910,0
1431,1112911,0
1432,1112912,0
1433,1112913,0
1434,1112914,0
1435,1112915,0
1436,1112916,0
1437,1112917,0
1438,1112918,0
1439,1112919,0
1440,1112920,0
1441,1112921,0
1442,1112922,0
1443,1112923,0
1444,1112924,0
1445,1112925,0
1446,1112926,0
1447,1112927,0
1448,1112928,0
1449,1112929,0
1450,1112930,0
1451,1112931,0
1452,1112932,0
1453,1112933,0
1454,1112934,0
1455,1112935,0
1456,1112936,0
1457,1112937,0
1458,1112938,0
1459,1112939,0
1460,1112940,0
1461,1112941,0
1462,1112942,0
1463,1112943,0
1464,1112944,0
1465,1112945,0
1466,1112946,0
1467,1112947,0
1468,1112948,0
1469,1112949,0
1470,1112950,0
1471,1112951,0
1472,1112952,0
1473,1112953,0
1474,1112954,0
1475,1112955,0
1476,1112956,0
1477,1112957,0
1478,1112958,0
1479,1112959,0
1480,1112960,0
1481,1112961,0
1482,1112962,0
1483,1112963,0
1484,1112964,0
1485,1112965,0
1486,1112966,0
1487,1112967,0
1488,1112968,0
1489,1112969,0
1490,1112970,0
1491,1112971,0
1492,1112972,0
1493,1112973,0
1494,1112974,0
1495,1112975,0
1496,1112976,0
1497,1112977,0
1498,1112978,0
1499,1112979,0
1500,1112980,0
1501,1112981,0
1502,1112982,0
1503,1112983,0
1504,1112984,0
1505,1112985,0
1506,1112986,0
1507,1112987,0
1508,1112988,0
1509,1112989,0
1510,1112990,0
1511,1112991,0
1512,1112992,0
1513,1112993,0
1514,1112994,0
1515,1112995,0
1516,1112996,0
1517,1112997,0
1518,1112998,0
1519,1112999,0
1520,1113000,0
1521,1113001,0
1522,1113002,0
1523,1113003,0
1524,1113004,0
1525,1113005,0
1526,1113006,0
1527,1113007,0
1528,1113008,0
1529,1113009,0
1530,1113010,0
1531,1113011,0
1532,1113012,0
1533,1113013,0
1534,1113014,0
1535,1113015,0
1536,1113016,0
1537,1113017,0
1538,1113018,0
1539,1113019,0
1540,1113020,0
1541,1113021,0
1542,1113022,0
1543,1113023,0
1544,1113024,0
1545,1113025,0
1546,1113026,0
1547,1113027,0
1548,1113028,0
1549,1113029,0
1550,1113030,0
1551,1113031,0
1552,1113032,0
1553,1113033,0
1554,1113034,0
1555,1113035,0
1556,1113036,0
1557,1113037,0
1558,1113038,0
1559,1113039,0
1560,1113040,0
1561,1113041,0
1562,1113042,0
1563,1113043,0
1564,1113044,0
1565,1113045,0
1566,1113046,0
1567,1113047,0
1568,1113048,0
1569,1113049,0
1570,1113050,0
1571,1113051,0
1572,1113052,0
1573,1113053,0
1574,1113054,0
1575,1113055,0
1576,1113056,0
1577,1113057,0
1578,1113058,0
1579,1113059,0
1580,1113060,0
1581,1113061,0
1582,1113062,0
1583,1113063,0
1584,1113064,0
1585,1113065,0
1586,1113066,0
1587,1113067,0
1588,1113068,0
1589,1113069,0
1590,1113070,0
1591,1113071,0
1592,1113072,0
1593,1113073,0
1594,1113074,0
1595,1113075,0
1596,1113076,0
1597,1113077,0
1598,1113078,0
1599,1113079,0
1600,1113080,0
1601,1113081,0
1602,1113082,0
1603,1113083,0
1604,1113084,0
1605,1113085,0
1606,1113086,0
1607,1113087,0
1608,1113088,0
1609,1113089,0
1610,1113090,0
1611,1113091,0
1612,1113092,0
1613,1113093,0
1614,1113094,0
1615,1113095,0
1616,1113096,0
1617,1113097,0
1618,1113098,0
1619,1113099,0
1620,1113100,0
1621,1113101,0
1622,1113102,0
1623,1113103,0
1624,1113104,0
1625,1113105,0
1626,1113106,0
1627,1113107,0
1628,1113108,0
1629,1113109,0
1630,1113110,0
1631,1113111,0
1632,1113112,0
1633,1113113,0
1634,1113114,0
1635,1113115,0
1636,1113116,0
1637,1113117,0
1638,1113118,0
1639,1113119,0
1640,1113120,0
1641,1113121,0
1642,1113122,0
1643,1113123,0
1644,1113124,0
1645,1113125,0
1646,1113126,0
1647,1113127,0
1648,1113128,0
1649,1113129,0
1650,1113130,0
1651,1113131,0
1652,1113132,0
1653,1113133,0
1654,1113134,0
1655,1113135,0
1656,1113136,0
1657,1113137,0
1658,1113138,0
1659,1113139,0
1660,1113140,0
1661,1113141,0
1662,1113142,0
1663,1113143,0
1664,1113144,0
1665,1113145,0
1666,1113146,0
1667,1113147,0
1668,1113148,0
1669,1113149,0
1670,1113150,0
1671,1113151,0
1672,1113152,0
1673,1113153,0
1674,1113154,0
1675,1113155,0
1676,1113156,0
1677,1113157,0
1678,1113158,0
1679,1113159,0
1680,1113160,0
1681,1113161,0
1682,1113162,0
1683,1113163,0
1684,1113164,0
1685,1113165,0
1686,1113166,0
1687,1113167,0
1688,1113168,0
1689,1113169,0
1690,1113170,0
1691,1113171,0
1692,1113172,0
1693,1113173,0
1694,1113174,0
1695,1113175,0
1696,1113176,0
1697,1113177,0
1698,1113178,0
1699,1113179,0
1700,1113180,0
1701,1113181,0
1702,1113182,0
1703,1113183,0
1704,1113184,0
1705,1113185,0
1706,1113186,0
1707,1113187,0
1708,1113188,0
1709,1113189,0
1710,1113190,0
1711,1113191,0
1712,1113192,0
1713,1113193,0
1714,1113194,0
1715,1113195,0
1716,1113196,0
1717,1113197,0
1718,1113198,0
1719,1113199,0
1720,1113200,0
1721,1113201,0
1722,1113202,0
1723,1113203,0
1724,1113204,0
1725,1113205,0
1726,1113206,0
1727,1113207,0
1728,1113208,0
1729,1113209,0
1730,1113210,0
1731,1113211,0
1732,1113212,0
1733,1113213,0
1734,1113214,0
1735,1113215,0
1736,1113216,0
1737,1113217,0
1738,1113218,0
1739,1113219,0
1740,1113220,0
1741,1113221,0
1742,1113222,0
1743,1113223,0
1744,1113224,0
1745,1113225,0
1746,1113226,0
1747,1113227,0
1748,1113228,0
1749,1113229,0
1750,1113230,0
1751,1113231,0
1752,1113232,0
1753,1113233,0
1754,1113234,0
1755,1113235,0
1756,1113236,0
1757,1113237,0
1758,1113238,0
1759,1113239,0
1760,1113240,0
1761,1113241,0
1762,1113242,0
1763,1113243,0
1764,1113244,0
1765,1113245,0
1766,1113246,0
1767,1113247,0
1768,1113248,0
1769,1113249,0
1770,1113250,0
1771,1113251,0
1772,1113252,0
1773,1113253,0
1774,1113254,0
1775,1113255,0
1776,1113256,0
1777,1113257,0
1778,1113258,0
1779,1113259,0
1780,1113260,0
1781,1113261,0
1782,1113262,0
1783,1113263,0
1784,1113264,0
1785,1113265,0
1786,1113266,0
1787,1113267,0
1788,1113268,0
1789,1113269,0
1790,1113270,0
1791,1113271,0
1792,1113272,0
1793,1113273,0
1794,1113274,0
1795,1113275,0
1796,1113276,0
1797,1113277,0
1798,1113278,0
1799,1113279,0
1800,1113280,0
1801,1113281,0
1802,1113282,0
1803,1113283,0
1804,1113284,0
1805,1113285,0
1806,1113286,0
1807,1113287,0
1808,1113288,0
1809,1113289,0
1810,1113290,0
1811,1113291,0
1812,1113292,0
1813,1113293,0
1814,1113294,0
1815,1113295,0
1816,1113296,0
1817,1113297,0
1818,1113298,0
1819,1113299,0
1820,1113300,0
1821,1113301,0
1822,1113302,0
1823,1113303,0
1824,1113304,0
1825,1113305,0
1826,1113306,0
1827,1113307,0
1828,1113308,0
1829,1113309,0
1830,1113310,0
1831,1113311,0
1832,1113312,0
1833,1113313,0
1834,1113314,0
1835,1113315,0
1836,1113316,0
1837,1113317,0
1838,1113318,0
1839,1113319,0
1840,1113320,0
1841,1113321,0
1842,1113322,0
1843,1113323,0
1844,1113324,0
1845,1113325,0
1846,1113326,0
1847,1113327,0
1848,1113328,0
1849,1113329,0
1850,1113330,0
1851,1113331,0
1852,1113332,0
1853,1113333,0
1854,1113334,0
1855,1113335,0
1856,1113336,0
1857,1113337,0
1858,1113338,0
1859,1113339,0
1860,1113340,0
1861,1113341,0
1862,1113342,0
1863,1113343,0
1864,1113344,0
1865,1113345,0
1866,1113346,0
1867,1113347,0
1868,1113348,0
1869,1113349,0
1870,1113350,0
1871,1113351,0
1872,1113352,0
1873,1113353,0
1874,1113354,0
1875,1113355,0
1876,1113356,0
1877,1113357,0
1878,1113358,0
1879,1113359,0
1880,1113360,0
1881,1113361,0
1882,1113362,0
1883,1113363,0
1884,1113364,0
1885,1113365,0
1886,1113366,0
1887,1113367,0
1888,1113368,0
1889,1113369,0
1890,1113370,0
1891,1113371,0
1892,1113372,0
1893,1113373,0
1894,1113374,0
1895,1113375,0
1896,1113376,0
1897,1113377,0
1898,1113378,0
1899,1113379,0
1900,1113380,0
1901,1113381,0
1902,1113382,0
1903,1113383,0
1904,1113384,0
1905,1113385,0
1906,1113386,0
1907,1113387,0
1908,1113388,0
1909,1113389,0
1910,1113390,0
1911,1113391,0
1912,1113392,0
1913,1113393,0
1914,1113394,0
1915,1113395,0
1916,1113396,0
1917,1113397,0
1918,1113398,0
1919,1113399,0
1920,1113400,0
1921,1113401,0
1922,1113402,0
1923,1113403,0
1924,1113404,0
1925,1113405,0
1926,1113406,0
1927,1113407,0
1928,1113408,0
1929,1113409,0
1930,1113410,0
1931,1113411,0
1932,1113412,0
1933,1113413,0
1934,1113414,0
1935,1113415,0
1936,1113416,0
1937,1113417,0
1938,1113418,0
1939,1113419,0
1940,1113420,0
1941,1113421,0
1942,1113422,0
1943,1113423,0
1944,1113424,0
1945,1113425,0
1946,1113426,0
1947,1113427,0
1948,1113428,0
1949,1113429,0
1950,1113430,0
1951,1113431,0
1952,1113432,0
1953,1113433,0
1954,1113434,0
1955,1113435,0
1956,1113436,0
1957,1113437,0
1958,1113438,0
1959,1113439,0
1960,1113440,0
1961,1113441,0
1962,1113442,0
1963,1113443,0
1964,1113444,0
1965,1113445,0
1966,1113446,0
1967,1113447,0
1968,1113448,0
1969,1113449,0
1970,1113450,0
1971,1113451,0
1972,1113452,0
1973,1113453,0
1974,1113454,0
1975,1113455,0
1976,1113456,0
1977,1113457,0
1978,1113458,0
1979,1113459,0
1980,1113460,0
1981,1113461,0
1982,1113462,0
1983,1113463,0
1984,1113464,0
1985,1113465,0
1986,1113466,0
1987,1113467,0
1988,1113468,0
1989,1113469,0
1990,1113470,0
1991,1113471,0
1992,1113472,0
1993,1113473,0
1994,1113474,0
1995,1113475,0
1996,1113476,0
1997,1113477,0
1998,1113478,0
1999,1113479,0
2000,1113480,0
2001,1113481,0
2002,1113482,0
2003,1113483,0
2004,1113484,0
2005,1113485,0
2006,1113486,0
2007,1113487,0
2008,1113488,0
2009,1113489,0
2010,1113490,0
2011,1113491,0
2012,1113492,0
2013,1113493,0
2014,1113494,0
2015,1113495,0
2016,1113496,0
2017,1113497,0
2018,1113498,0
2019,1113499,0
2020,1113500,0
2021,1113501,0
2022,1113502,0
2023,1113503,0
2024,1113504,0
2025,1113505,0
2026,1113506,0
2027,1113507,0
2028,1113508,0
2029,1113509,0
2030,1113510,0
2031,1113511,0
2032,1113512,0
2033,1113513,0
2034,1113514,0
2035,1113515,0
2036,1113516,0
2037,1113517,0
2038,1113518,0
2039,1113519,0
2040,1113520,0
2041,1113521,0
2042,1113522,0
2043,1113523,0
2044,1113524,0
2045,1113525,0
2046,1113526,0
2047,1113527,0
2048,1113528,0
2049,1113529,0
2050,1113530,0
2051,1113531,0
2052,1113532,0
2053,1113533,0
2054,1113534,0
2055,1113535,0
2056,1113536,0
2057,1113537,0
2058,1113538,0
2059,1113539,0
2060,1113540,0
2061,1113541,0
2062,1113542,0
2063,1113543,0
2064,1113544,0
2065,1113545,0
2066,1113546,0
2067,1113547,0
2068,1113548,0
2069,1113549,0
2070,1113550,0
2071,1113551,0
2072,1113552,0
2073,1113553,0
2074,1113554,0
2075,1113555,0
2076,1113556,0
2077,1113557,0
2078,1113558,0
2079,1113559,0
2080,1113560,0
2081,1113561,0
2082,1113562,0
2083,1113563,0
2084,1113564,0
2085,1113565,0
2086,1113566,0
2087,1113567,0
2088,1113568,0
2089,1113569,0
2090,1113570,0
2091,1113571,0
2092,1113572,0
2093,1113573,0
2094,1113574,0
2095,1113575,0
2096,1113576,0
2097,1113577,0
2098,1113578,0
2099,1113579,0
2100,1113580,0
2101,1113581,0
2102,1113582,0
2103,1113583,0
2104,1113584,0
2105,1113585,0
2106,1113586,0
2107,1113587,0
2108,1113588,0
2109,1113589,0
2110,1113590,0
2111,1113591,0
2112,1113592,0
2113,1113593,0
2114,1113594,0
2115,1113595,0
2116,1113596,0
2117,1113597,0
2118,1113598,0
2119,1113599,0
2120,1113600,0
2121,1113601,0
2122,1113602,0
2123,1113603,0
2124,1113604,0
2125,1113605,0
2126,1113606,0
2127,1113607,0
2128,1113608,0
2129,1113609,0
2130,1113610,0
2131,1113611,0
2132,1113612,0
2133,1113613,0
2134,1113614,0
2135,1113615,0
2136,1113616,0
2137,1113617,0
2138,1113618,0
2139,1113619,0
2140,1113620,0
2141,1113621,0
2142,1113622,0
2143,1113623,0
2144,1113624,0
2145,1113625,0
2146,1113626,0
2147,1113627,0
2148,1113628,0
2149,1113629,0
2150,1113630,0
2151,1113631,0
2152,1113632,0
2153,1113633,0
2154,1113634,0
2155,1113635,0
2156,1113636,0
2157,1113637,0
2158,1113638,0
2159,1113639,0
2160,1113640,0
2161,1113641,0
2162,1113642,0
2163,1113643,0
2164,1113644,0
2165,1113645,0
2166,1113646,0
2167,1113647,0
2168,1113648,0
2169,1113649,0
2170,1113650,0
2171,1113651,0
2172,1113652,0
2173,1113653,0
2174,1113654,0
2175,1113655,0
2176,1113656,0
2177,1113657,0
2178,1113658,0
2179,1113659,0
2180,1113660,0
2181,1113661,0
2182,1113662,0
2183,1113663,0
2184,1113664,0
2185,1113665,0
2186,1113666,0
2187,1113667,0
2188,1113668,0
2189,1113669,0
2190,1113670,0
2191,1113671,0
2192,1113672,0
2193,1113673,0
2194,1113674,0
2195,1113675,0
2196,1113676,0
2197,1113677,0
2198,1113678,0
2199,1113826,0
2200,1113679,0
2201,1113680,0
2202,1113681,0
2203,1113682,0
2204,1113683,0
2205,1113684,0
2206,1113685,0
2207,1113686,0
2208,1113687,0
2209,1113688,0
2210,1113689,0
2211,1113690,0
2212,1113691,0
2213,1113692,0
2214,1113693,0
2215,1113694,0
2216,1113695,0
2217,1113696,0
2218,1113697,0
2219,1113698,0
2220,1113699,0
2221,1113700,0
2222,1113701,0
2223,1113702,0
2224,1113703,0
2225,1113704,0
2226,1113705,0
2227,1113706,0
2228,1113707,0
2229,1113708,0
2230,1113709,0
2231,1113710,0
2232,1113711,0
2233,1113712,0
2234,1113713,0
2235,1113714,0
2236,1113715,0
2237,1113716,0
2238,1113717,0
2239,1113718,0
2240,1113719,0
2241,1113720,0
2242,1113721,0
2243,1113722,0
2244,1113723,0
2245,1113724,0
2246,1113725,0
2247,1113726,0
2248,1113727,0
2249,1113728,0
2250,1113729,0
2251,1113730,0
2252,1113731,0
2253,1113732,0
2254,1113733,0
2255,1113734,0
2256,1113735,0
2257,1113736,0
2258,1113737,0
2259,1113738,0
2260,1113739,0
2261,1113740,0
2262,1113741,0
2263,1113742,0
2264,1113743,0
2265,1113744,0
2266,1113745,0
2267,1113746,0
2268,1113747,0
2269,1113748,0
2270,1113749,0
2271,1113750,0
2272,1113751,0
2273,1113752,0
2274,1113753,0
2275,1113754,0
2276,1113755,0
2277,1113756,0
2278,1113757,0
2279,1113758,0
2280,1113759,0
2281,1113760,0
2282,1113761,0
2283,1113762,0
2284,1113763,0
2285,1113764,0
2286,1113765,0
2287,1113766,0
2288,1113767,0
2289,1113768,0
2290,1113769,0
2291,1113770,0
2292,1113771,0
2293,1113772,0
2294,1113773,0
2295,1113774,0
2296,1113775,0
2297,1113776,0
2298,1113777,0
2299,1113778,0
2300,1113779,0
2301,1113780,0
2302,1113781,0
2303,1113782,0
2304,1113783,0
2305,1113784,0
2306,1113785,0
2307,1113786,0
2308,1113787,0
2309,1113788,0
2310,1113789,0
2311,1113790,0
2312,1113791,0
2313,1113792,0
2314,1113793,0
2315,1113794,0
2316,1113795,0
2317,1113796,0
2318,1113797,0
2319,1113798,0
2320,1113799,0
2321,1113800,0
2322,1113801,0
2323,1113802,1
2324,1113803,0
2325,1113804,0
2326,1113805,0
2327,1113806,0
2328,1113807,0
2329,1113808,0
2330,1113809,0
2331,1113810,0
2332,1113811,0
2333,1113812,0
2334,1113813,0
2335,1113814,0
2336,1113815,0
2337,1113816,0
2338,1113817,0
2339,1113818,0
2340,1113819,0
2341,1113820,0
2342,1113821,0
2343,1113822,0
2344,1113823,0
2345,1113824,0
2346,1113825,0
2347,1113827,0
2348,1113828,0
2349,1113829,0
2350,1113830,0
2351,1113831,0
2352,1113832,0
2353,1113833,0
2354,1113834,0
2355,1113835,0
2356,1113836,0
2357,1113837,0
2358,1113838,0
2359,1113839,0
2360,1113840,0
2361,1113841,0
2362,1113842,0
2363,1113843,0
2364,1113844,0
2365,1113845,0
2366,1113846,0
2367,1113847,0
2368,1113848,0
2369,1113849,0
2370,1113850,0
2371,1113851,0
2372,1113852,0
2373,1113853,0
2374,1113854,0
2375,1113855,0
2376,1113856,0
2377,1113857,0
2378,1113858,0
2379,1113859,0
2380,1113860,0
2381,1113861,0
2382,1113862,0
2383,1113863,0
2384,1113864,0
2385,1113865,0
2386,1113866,0
2387,1113867,0
2388,1113868,0
2389,1113869,0
2390,1113870,0
2391,1113871,0
2392,1113872,0
2393,1113873,0
2394,1113874,0
2395,1113875,0
2396,1113876,0
2397,1113877,0
2398,1113878,0
2399,1113879,0
2400,1113880,0
2401,1113881,0
2402,1113882,0
2403,1113883,0
2404,1113884,0
2405,1113885,0
2406,1113886,0
2407,1113887,0
2408,1113888,0
2409,1113889,0
2410,1113890,0
2411,1113891,0
2412,1113892,0
2413,1113893,0
2414,1113894,0
2415,1113895,0
2416,1113896,0
2417,1113897,0
2418,1113898,0
2419,1113899,0
2420,1113900,0
2421,1113901,0
2422,1113902,0
2423,1113903,0
2424,1113904,0
2425,1113905,0
2426,1113906,0
2427,1113907,0
2428,1113908,0
2429,1113909,0
2430,1113910,0
2431,1113911,0
2432,1113912,0
2433,1113913,0
2434,1113914,0
2435,1113915,0
2436,1113916,0
2437,1113917,0
2438,1113918,0
2439,1113919,0
2440,1113920,0
2441,1113921,0
2442,1113922,0
2443,1113923,0
2444,1113924,0
2445,1113925,0
2446,1113926,0
2447,1113927,0
2448,1113928,0
2449,1113929,0
2450,1113930,0
2451,1113931,0
2452,1113932,0
2453,1113933,0
2454,1113934,0
2455,1113935,0
2456,1113936,0
2457,1113937,0
2458,1113938,0
2459,1113939,0
2460,1113940,0
2461,1113941,0
2462,1113942,0
2463,1113943,0
2464,1113944,0
2465,1113945,0
2466,1113946,0
2467,1113947,0
2468,1113948,0
2469,1113949,0
2470,1113950,0
2471,1113951,0
2472,1113952,0
2473,1113953,0
2474,1113954,0
2475,1113955,0
2476,1113956,0
2477,1113957,0
2478,1113958,0
2479,1113959,0
2480,1113960,0
2481,1113961,0
2482,1113962,0
2483,1113963,0
2484,1113964,0
2485,1113965,0
2486,1113966,0
2487,1113967,0
2488,1113968,0
2489,1113969,0
2490,1113970,0
2491,1113971,0
2492,1113972,0
2493,1113973,0
2494,1113974,0
2495,1113975,0
2496,1113976,0
2497,1113977,0
2498,1113978,0
2499,1113979,0
2500,1113980,0
2501,1113981,0
2502,1113982,0
2503,1113983,0
2504,1113984,0
2505,1113985,0
2506,1113986,0
2507,1113987,0
2508,1113988,0
2509,1113989,0
2510,1113990,0
2511,1113991,0
2512,1113992,0
2513,1113993,0
2514,1113994,0
2515,1113995,0
2516,1113996,0
2517,1113997,0
2518,1113998,0
2519,1113999,0
2520,1114000,0
2521,1114001,0
2522,1114002,0
2523,1114003,0
2524,1114004,0
2525,1114005,0
2526,1114006,0
2527,1114007,0
2528,1114008,0
2529,1114009,0
2530,1114010,0
2531,1114011,0
2532,1114012,0
2533,1114013,0
2534,1114014,0
2535,1114015,0
2536,1114016,0
2537,1114017,0
2538,1114018,0
2539,1114019,0
2540,1114020,0
2541,1114021,0
2542,1114022,0
2543,1114023,0
2544,1114024,0
2545,1114025,0
2546,1114026,0
2547,1114027,0
2548,1114028,0
2549,1114029,0
2550,1114030,0
2551,1114031,0
2552,1114032,0
2553,1114033,0
2554,1114034,0
2555,1114035,0
2556,1114036,0
2557,1114037,0
2558,1114038,0
2559,1114039,0
2560,1114040,0
2561,1114041,0
2562,1114042,0
2563,1114043,0
2564,1114044,0
2565,1114045,0
2566,1114046,0
2567,1114047,0
2568,1114048,0
2569,1114049,0
2570,1114050,0
2571,1114051,0
2572,1114052,0
2573,1114053,0
2574,1114054,0
2575,1114055,0
2576,1114056,0
2577,1114057,0
2578,1114058,0
2579,1114059,0
2580,1114060,0
2581,1114061,0
2582,1114062,0
2583,1114063,0
2584,1114064,0
2585,1114065,0
2586,1114066,0
2587,1114067,0
2588,1114068,0
2589,1114069,0
2590,1114070,0
2591,1114071,0
2592,1114072,0
2593,1114073,0
2594,1114074,0
2595,1114075,0
2596,1114076,0
2597,1114077,0
2598,1114078,0
2599,1114079,0
2600,1114080,0
2601,1114081,0
2602,1114082,0
2603,1114083,0
2604,1114084,0
2605,1114085,0
2606,1114086,0
2607,1114087,0
2608,1114088,0
2609,1114089,0
2610,1114090,0
2611,1114091,0
2612,1114092,0
2613,1114093,0
2614,1114094,0
2615,1114095,0
2616,1114096,0
2617,1114097,0
2618,1114098,0
2619,1114099,0
2620,1114100,0
2621,1114101,0
2622,1114102,0
2623,1114103,0
2624,1114104,0
2625,1114105,0
2626,1114106,0
2627,1114107,0
2628,1114108,0
2629,1114109,0
2630,1114110,0
2631,1114111,0
2632,1114112,0
2633,1114113,0
2634,1114114,0
2635,1114115,0
2636,1114116,0
2637,1114117,0
2638,1114118,0
2639,1114119,0
2640,1114120,0
2641,1114121,0
2642,1114122,0
2643,1114123,0
2644,1114124,0
2645,1114125,0
2646,1114126,0
2647,1114127,0
2648,1114128,0
2649,1114129,0
2650,1114130,0
2651,1114131,0
2652,1114132,0
2653,1114133,0
2654,1114134,0
2655,1114135,0
2656,1114136,0
2657,1114137,0
2658,1114138,0
2659,1114139,0
2660,1114140,0
2661,1114141,0
2662,1114142,0
2663,1114143,0
2664,1114144,0
2665,1114145,0
2666,1114146,0
2667,1114147,0
2668,1114148,0
2669,1114149,0
2670,1114150,0
2671,1114151,0
2672,1114152,0
2673,1114153,0
2674,1114154,0
2675,1114155,0
2676,1114156,0
2677,1114157,0
2678,1114158,0
2679,1114159,0
2680,1114160,0
2681,1114161,0
2682,1114162,0
2683,1114163,0
2684,1114164,0
2685,1114165,0
2686,1114166,0
2687,1114167,0
2688,1114168,0
2689,1114169,0
2690,1114170,0
2691,1114171,0
2692,1114172,0
2693,1114173,0
2694,1114174,0
2695,1114175,0
2696,1114176,0
2697,1114177,0
2698,1114178,0
2699,1114179,0
2700,1114180,0
2701,1114181,0
2702,1114182,0
2703,1114183,0
2704,1114184,0
2705,1114185,0
2706,1114186,0
2707,1114187,0
2708,1114188,0
2709,1114189,0
2710,1114190,0
2711,1114191,0
2712,1114192,0
2713,1114193,0
2714,1114194,0
2715,1114195,0
2716,1114196,0
2717,1114197,0
2718,1114198,0
2719,1114199,0
2720,1114200,0
2721,1114201,0
2722,1114202,0
2723,1114203,0
2724,1114204,0
2725,1114205,0
2726,1114206,0
2727,1114207,0
2728,1114208,0
2729,1114209,0
2730,1114210,0
2731,1114211,0
2732,1114212,0
2733,1114213,0
2734,1114214,0
2735,1114215,0
2736,1114216,0
2737,1114217,0
2738,1114218,0
2739,1114219,0
2740,1114220,0
2741,1114221,0
2742,1114222,0
2743,1114223,0
2744,1114224,0
2745,1114225,0
2746,1114226,0
2747,1114227,0
2748,1114228,0
2749,1114229,0
2750,1114230,0
2751,1114231,0
2752,1114232,0
2753,1114233,0
2754,1114234,0
2755,1114235,0
2756,1114236,0
2757,1114237,0
2758,1114238,0
2759,1114239,0
2760,1114240,0
2761,1114241,0
2762,1114242,0
2763,1114243,0
2764,1114244,0
2765,1114245,0
2766,1114246,0
2767,1114247,0
2768,1114248,0
2769,1114249,0
2770,1114250,0
2771,1114251,0
2772,1114252,0
2773,1114253,0
2774,1114254,0
2775,1114255,0
2776,1114256,0
2777,1114257,0
2778,1114258,0
2779,1114259,0
2780,1114260,0
2781,1114261,0
2782,1114262,0
2783,1114263,0
2784,1114264,0
2785,1114265,0
2786,1114266,0
2787,1114267,0
2788,1114268,0
2789,1114269,0
2790,1114270,0
2791,1114271,0
2792,1114272,0
2793,1114273,0
2794,1114274,0
2795,1114275,0
2796,1114276,0
2797,1114277,0
2798,1114278,0
2799,1114279,0
2800,1114280,0
2801,1114281,0
2802,1114282,0
2803,1114283,0
2804,1114284,0
2805,1114285,0
2806,1114286,0
2807,1114287,0
2808,1114288,0
2809,1114289,0
2810,1114290,0
2811,1114291,0
2812,1114292,0
2813,1114293,0
2814,1114294,0
2815,1114295,0
2816,1114296,0
2817,1114297,0
2818,1114298,0
2819,1114299,0
2820,1114300,0
2821,1114301,0
2822,1114302,0
2823,1114303,0
2824,1114304,0
2825,1114305,0
2826,1114306,0
2827,1114307,0
2828,1114308,0
2829,1114309,0
2830,1114310,0
2831,1114311,0
2832,1114312,0
2833,1114313,0
2834,1114314,0
2835,1114315,0
2836,1114316,0
2837,1114317,0
2838,1114318,0
2839,1114319,0
2840,1114320,0
2841,1114321,0
2842,1114322,0
2843,1114323,0
2844,1114324,0
2845,1114325,0
2846,1114326,0
2847,1114327,0
2848,1114328,0
2849,1114329,0
2850,1114330,0
2851,1114331,0
2852,1114332,0
2853,1114333,0
2854,1114334,0
2855,1114335,0
2856,1114336,0
2857,1114337,0
2858,1114338,0
2859,1114339,0
2860,1114340,0
2861,1114341,0
2862,1114342,0
2863,1114343,0
2864,1114344,0
2865,1114345,0
2866,1114346,0
2867,1114347,0
2868,1114348,0
2869,1114349,0
2870,1114350,0
2871,1114351,0
2872,1114352,0
2873,1114353,0
2874,1114354,0
2875,1114355,0
2876,1114356,0
2877,1114357,0
2878,1114358,0
2879,1114359,0
2880,1114360,0
2881,1114361,0
2882,1114362,0
2883,1114363,0
2884,1114364,0
2885,1114365,0
2886,1114366,0
2887,1114367,0
2888,1114368,0
2889,1114369,0
2890,1114370,0
2891,1114371,0
2892,1114372,0
2893,1114373,0
2894,1114374,0
2895,1114375,0
2896,1114376,0
2897,1114377,0
2898,1114378,0
2899,1114379,0
2900,1114380,0
2901,1114381,0
2902,1114382,0
2903,1114383,0
2904,1114384,0
2905,1114385,0
2906,1114386,0
2907,1114387,0
2908,1114388,0
2909,1114389,0
2910,1114390,0
2911,1114391,0
2912,1114392,0
2913,1114393,0
2914,1114394,0
2915,1114395,0
2916,1114396,0
2917,1114397,0
2918,1114398,0
2919,1114399,0
2920,1114400,0
2921,1114401,0
2922,1114402,0
2923,1114403,0
2924,1114404,0
2925,1114405,0
2926,1114406,0
2927,1114407,0
2928,1114408,0
2929,1114409,0
2930,1114410,0
2931,1114411,0
2932,1114412,0
2933,1114413,0
2934,1114414,0
2935,1114415,0
2936,1114416,0
2937,1114417,0
2938,1114418,0
2939,1114419,0
2940,1114420,0
2941,1114421,0
2942,1114422,0
2943,1114423,0
2944,1114424,0
2945,1114425,0
2946,1114426,0
2947,1114427,0
2948,1114428,0
2949,1114429,0
2950,1114430,0
2951,1114431,0
2952,1114432,0
2953,1114433,0
2954,1114434,0
2955,1114435,0
2956,1114436,0
2957,1114437,0
2958,1114438,0
2959,1114439,0
2960,1114440,0
2961,1114441,0
2962,1114442,0
2963,1114443,0
2964,1114444,0
2965,1114445,0
2966,1114446,0
2967,1114447,0
2968,1114448,0
2969,1114449,0
2970,1114450,0
2971,1114451,0
2972,1114452,0
2973,1114453,0
2974,1114454,0
2975,1114455,0
2976,1114456,0
2977,1114457,0
2978,1114458,0
2979,1114459,0
2980,1114460,0
2981,1114461,0
2982,1114462,0
2983,1114463,0
2984,1114464,0
2985,1114465,0
2986,1114466,0
2987,1114467,0
2988,1114468,0
2989,1114469,0
2990,1114470,0
2991,1114471,0
2992,1114472,0
2993,1114473,0
2994,1114474,0
2995,1114475,0
2996,1114476,0
2997,1114477,0
2998,1114478,0
2999,1114479,0
3000,1114480,0
3001,1114481,0
3002,1114482,0
3003,1114483,0
3004,1114484,0
3005,1114485,0
3006,1114486,0
3007,1114487,0
3008,1114488,0
3009,1114489,0
3010,1114490,0
3011,1114491,0
3012,1114492,0
3013,1114493,0
3014,1114494,0
3015,1114495,0
3016,1114496,0
3017,1114497,0
3018,1114498,0
3019,1114499,0
3020,1114500,0
3021,1114501,0
3022,1114502,0
3023,1114503,0
3024,1114504,0
3025,1114505,0
3026,1114506,0
3027,1114507,0
3028,1114508,0
3029,1114509,0
3030,1114510,0
3031,1114511,0
3032,1114512,0
3033,1114513,0
3034,1114514,0
3035,1114515,0
3036,1114516,0
3037,1114517,0
3038,1114518,0
3039,1114519,0
3040,1114520,0
3041,1114521,0
3042,1114522,0
3043,1114523,0
3044,1114524,0
3045,1114525,0
3046,1114526,0
3047,1114527,0
3048,1114528,0
3049,1114529,0
3050,1114530,0
3051,1114531,0
3052,1114532,0
3053,1114533,0
3054,1114534,0
3055,1114535,0
3056,1114536,0
3057,1114537,0
3058,1114538,0
3059,1114539,0
3060,1114540,0
3061,1114541,0
3062,1114542,0
3063,1114543,0
3064,1114544,0
3065,1114545,0
3066,1114546,0
3067,1114547,0
3068,1114548,0
3069,1114549,0
3070,1114550,0
3071,1114551,0
3072,1114552,0
3073,1114553,0
3074,1114554,0
3075,1114555,0
3076,1114556,0
3077,1114557,0
3078,1114558,0
3079,1114559,0
3080,1114560,0
3081,1114561,0
3082,1114562,0
3083,1114563,0
3084,1114564,0
3085,1114565,0
3086,1114566,0
3087,1114567,0
3088,1114568,0
3089,1114569,0
3090,1114570,0
3091,1114571,0
3092,1114572,0
3093,1114573,0
3094,1114574,0
3095,1114575,0
3096,1114576,0
3097,1114577,0
3098,1114578,0
3099,1114579,0
3100,1114580,0
3101,1114581,0
3102,1114582,0
3103,1114583,0
3104,1114584,0
3105,1114585,0
3106,1114586,0
3107,1114587,0
3108,1114588,0
3109,1114589,0
3110,1114590,0
3111,1114591,0
3112,1114592,0
3113,1114593,0
3114,1114594,0
3115,1114595,0
3116,1114596,0
3117,1114597,0
3118,1114598,0
3119,1114599,0
3120,1114600,0
3121,1114601,0
3122,1114602,0
3123,1114603,0
3124,1114604,0
3125,1114605,0
3126,1114606,0
3127,1114607,0
3128,1114608,0
3129,1114609,0
3130,1114610,0
3131,1114611,0
3132,1114612,0
3133,1114613,0
3134,1114614,0
3135,1114615,0
3136,1114616,0
3137,1114617,0
3138,1114618,0
3139,1114619,0
3140,1114620,0
3141,1114621,0
3142,1114622,0
3143,1114623,0
3144,1114624,0
3145,1114625,0
3146,1114626,0
3147,1114627,0
3148,1114628,0
3149,1114629,0
3150,1114630,0
3151,1114631,0
3152,1114632,0
3153,1114633,0
3154,1114634,0
3155,1114635,0
3156,1114636,0
3157,1114637,0
3158,1114638,0
3159,1114639,0
3160,1114640,0
3161,1114641,0
3162,1114642,0
3163,1114643,0
3164,1114644,0
3165,1114645,0
3166,1114646,0
3167,1114647,0
3168,1114648,0
3169,1114649,0
3170,1114650,0
3171,1114651,0
3172,1114652,0
3173,1114653,0
3174,1114654,0
3175,1114655,0
3176,1114656,0
3177,1114657,0
3178,1114658,0
3179,1114659,0
3180,1114660,0
3181,1114661,0
3182,1114662,0
3183,1114663,0
3184,1114664,0
3185,1114665,0
3186,1114666,0
3187,1114667,0
3188,1114668,0
3189,1114669,0
3190,1114670,0
3191,1114671,0
3192,1114672,0
3193,1114673,0
3194,1114674,0
3195,1114675,0
3196,1114676,0
3197,1114677,0
3198,1114678,0
3199,1114679,0
3200,1114680,0
3201,1114681,0
3202,1114682,0
3203,1114683,0
3204,1114684,0
3205,1114685,0
3206,1114686,0
3207,1114687,0
3208,1114688,0
3209,1114689,0
3210,1114690,0
3211,1114691,0
3212,1114692,0
3213,1114693,0
3214,1114694,0
3215,1114695,0
3216,1114696,0
3217,1114697,0
3218,1114698,0
3219,1114699,0
3220,1114700,0
3221,1114701,0
3222,1114702,0
3223,1114703,0
3224,1114704,0
3225,1114705,0
3226,1114706,0
3227,1114707,0
3228,1114708,0
3229,1114709,0
3230,1114710,0
3231,1114711,0
3232,1114712,0
3233,1114713,0
3234,1114714,0
3235,1114715,0
3236,1114716,0
3237,1114717,0
3238,1114718,0
3239,1114719,0
3240,1114720,0
3241,1114721,0
3242,1114722,0
3243,1114723,0
3244,1114724,0
3245,1114725,0
3246,1114726,0
3247,1114727,0
3248,1114728,0
3249,1114729,0
3250,1114730,0
3251,1114731,0
3252,1114732,0
3253,1114733,0
3254,1114734,0
3255,1114735,0
3256,1114736,0
3257,1114737,0
3258,1114738,0
3259,1114739,0
3260,1114740,0
3261,1114741,0
3262,1114742,0
3263,1114743,0
3264,1114744,0
3265,1114745,0
3266,1114746,0
3267,1114747,0
3268,1114748,0
3269,1114749,0
3270,1114750,0
3271,1114751,0
3272,1114752,0
3273,1114753,0
3274,1114754,0
3275,1114755,0
3276,1114756,0
3277,1114757,0
3278,1114758,0
3279,1114759,0
3280,1114760,0
3281,1114761,0
3282,1114762,0
3283,1114763,0
3284,1114764,0
3285,1114765,0
3286,1114766,0
3287,1114767,0
3288,1114768,0
3289,1114769,0
3290,1114770,0
3291,1114771,0
3292,1114772,0
3293,1114773,0
3294,1114774,0
3295,1114775,0
3296,1114776,0
3297,1114777,0
3298,1114778,0
3299,1114779,0
3300,1114780,0
3301,1114781,0
3302,1114782,0
3303,1114783,0
3304,1114784,0
3305,1114785,0
3306,1114786,0
3307,1114787,0
3308,1114788,0
3309,1114789,0
3310,1114790,0
3311,1114791,0
3312,1114792,0
3313,1114793,0
3314,1114794,0
3315,1114795,0
3316,1114796,0
3317,1114797,0
3318,1114798,0
3319,1114799,0
3320,1114800,0
3321,1114801,0
3322,1114802,0
3323,1114803,0
3324,1114804,0
3325,1114805,0
3326,1114806,0
3327,1114807,0
3328,1114808,0
3329,1114809,0
3330,1114810,0
3331,1114811,0
3332,1114812,0
3333,1114813,0
3334,1114814,0
3335,1114815,0
3336,1114816,0
3337,1114817,0
3338,1114818,0
3339,1114819,0
3340,1114820,0
3341,1114821,0
3342,1114822,0
3343,1114823,0
3344,1114824,0
3345,1114825,0
3346,1114826,0
3347,1114827,0
3348,1114828,0
3349,1114829,0
3350,1114830,0
3351,1114831,0
3352,1114832,0
3353,1114833,0
3354,1114834,0
3355,1114835,0
3356,1114836,0
3357,1114837,0
3358,1114838,0
3359,1114839,0
3360,1114840,0
3361,1114841,0
3362,1114842,0
3363,1114843,0
3364,1114844,0
3365,1114845,0
3366,1114846,0
3367,1114847,0
3368,1114848,0
3369,1114849,0
3370,1114850,0
3371,1114851,0
3372,1114852,0
3373,1114853,0
3374,1114854,0
3375,1114855,0
3376,1114856,0
3377,1114857,0
3378,1114858,0
3379,1114859,0
3380,1114860,0
3381,1114861,0
3382,1114862,0
3383,1114863,0
3384,1114864,0
3385,1114865,0
3386,1114866,0
3387,1114867,0
3388,1114868,0
3389,1114869,0
3390,1114870,0
3391,1114871,0
3392,1114872,0
3393,1114873,0
3394,1114874,0
3395,1114875,0
3396,1114876,0
3397,1114877,0
3398,1114878,0
3399,1114879,0
3400,1114880,0
3401,1114881,0
3402,1114882,0
3403,1114883,0
3404,1114884,0
3405,1114885,0
3406,1114886,0
3407,1114887,0
3408,1114888,0
3409,1114889,0
3410,1114890,0
3411,1114891,0
3412,1114892,0
3413,1114893,0
3414,1114894,0
3415,1114895,0
3416,1114896,0
3417,1114897,0
3418,1114898,0
3419,1114899,0
3420,1114900,0
3421,1114901,0
3422,1114902,0
3423,1114903,0
3424,1114904,0
3425,1114905,0
3426,1114906,0
3427,1114907,0
3428,1114908,0
3429,1114909,0
3430,1114910,0
3431,1114911,0
3432,1114912,0
3433,1114913,0
3434,1114914,0
3435,1114915,0
3436,1114916,0
3437,1114917,0
3438,1114918,0
3439,1114919,0
3440,1114920,0
3441,1114921,0
3442,1114922,0
3443,1114923,0
3444,1114924,0
3445,1114925,0
3446,1114926,0
3447,1114927,0
3448,1114928,0
3449,1114929,0
3450,1114930,0
3451,1114931,0
3452,1114932,0
3453,1114933,0
3454,1114934,0
3455,1114935,0
3456,1114936,0
3457,1114937,0
3458,1114938,0
3459,1114939,0
3460,1114940,0
3461,1114941,0
3462,1114942,0
3463,1114943,0
3464,1114944,0
3465,1114945,0
3466,1114946,0
3467,1114947,0
3468,1114948,0
3469,1114949,0
3470,1114950,0
3471,1114951,0
3472,1114952,0
3473,1114953,0
3474,1114954,0
3475,1114955,0
3476,1114956,0
3477,1114957,0
3478,1114958,0
3479,1114959,0
3480,1114960,0
3481,1114961,0
3482,1114962,0
3483,1114963,0
3484,1114964,0
3485,1114965,0
3486,1114966,0
3487,1114967,0
3488,1114968,0
3489,1114969,0
3490,1114970,0
3491,1114971,0
3492,1114972,0
3493,1114973,0
3494,1114974,0
3495,1114975,0
3496,1114976,0
3497,1114977,0
3498,1114978,0
3499,1114979,0
3500,1114980,0
3501,1114981,0
3502,1114982,0
3503,1114983,0
3504,1114984,0
3505,1114985,0
3506,1114986,0
3507,1114987,0
3508,1114988,0
3509,1114989,0
3510,1114990,0
3511,1114991,0
3512,1114992,0
3513,1114993,0
3514,1114994,0
3515,1114995,0
3516,1114996,0
3517,1114997,0
3518,1114998,0
3519,1114999,0
3520,1115000,0
3521,1115001,0
3522,1115002,0
3523,1115003,0
3524,1115004,0
3525,1115005,0
3526,1115006,0
3527,1115007,0
3528,1115008,0
3529,1115009,0
3530,1115010,0
3531,1115011,0
3532,1115012,0
3533,1115013,0
3534,1115014,0
3535,1115015,0
3536,1115016,0
3537,1115017,0
3538,1115018,0
3539,1115019,0
3540,1115020,0
3541,1115021,0
3542,1115022,0
3543,1115023,0
3544,1115024,0
3545,1115025,0
3546,1115026,0
3547,1115027,0
3548,1115028,0
3549,1115029,0
3550,1115030,0
3551,1115031,0
3552,1115032,0
3553,1115033,0
3554,1115034,0
3555,1115035,0
3556,1115036,0
3557,1115037,0
3558,1115038,0
3559,1115039,0
3560,1115040,0
3561,1115041,0
3562,1115042,0
3563,1115043,0
3564,1115044,0
3565,1115045,0
3566,1115046,0
3567,1115047,0
3568,1115048,0
3569,1115049,0
3570,1115050,0
3571,1115051,0
3572,1115052,0
3573,1115053,0
3574,1115054,0
3575,1115055,0
3576,1115056,0
3577,1115057,0
3578,1115058,0
3579,1115059,0
3580,1115060,0
3581,1115061,0
3582,1115062,0
3583,1115063,0
3584,1115064,0
3585,1115065,0
3586,1115066,0
3587,1115067,0
3588,1115068,0
3589,1115069,0
3590,1115070,0
3591,1115071,0
3592,1115072,0
3593,1115073,0
3594,1115074,0
3595,1115075,0
3596,1115076,0
3597,1115077,0
3598,1115078,0
3599,1115079,0
3600,1115080,0
3601,1115081,0
3602,1115082,0
3603,1115083,0
3604,1115084,0
3605,1115085,0
3606,1115086,0
3607,1115087,0
3608,1115088,0
3609,1115089,0
3610,1115090,0
3611,1115091,0
3612,1115092,0
3613,1115093,0
3614,1115094,0
3615,1115095,0
3616,1115096,0
3617,1115097,0
3618,1115098,0
3619,1115099,0
3620,1115100,0
3621,1115101,0
3622,1115102,0
3623,1115103,0
3624,1115104,0
3625,1115105,0
3626,1115106,0
3627,1115107,0
3628,1115108,0
3629,1115109,0
3630,1115110,0
3631,1115111,0
3632,1115112,0
3633,1115113,0
3634,1115114,0
3635,1115115,0
3636,1115116,0
3637,1115117,0
3638,1115118,0
3639,1115119,0
3640,1115120,0
3641,1115121,0
3642,1115122,0
3643,1115123,0
3644,1115124,0
3645,1115125,0
3646,1115126,0
3647,1115127,0
3648,1115128,0
3649,1115129,0
3650,1115130,0
3651,1115131,0
3652,1115132,0
3653,1115133,0
3654,1115134,0
3655,1115135,0
3656,1115136,0
3657,1115137,0
3658,1115138,0
3659,1115139,0
3660,1115140,0
3661,1115141,0
3662,1115142,0
3663,1115143,0
3664,1115144,0
3665,1115145,0
3666,1115146,0
3667,1115147,0
3668,1115148,0
3669,1115149,0
3670,1115150,0
3671,1115151,0
3672,1115152,0
3673,1115153,0
3674,1115154,0
3675,1115155,0
3676,1115156,0
3677,1115157,0
3678,1115158,0
3679,1115159,0
3680,1115160,0
3681,1115161,0
3682,1115162,0
3683,1115163,0
3684,1115164,0
3685,1115165,0
3686,1115166,0
3687,1115167,0
3688,1115168,0
3689,1115169,0
3690,1115170,0
3691,1115171,0
3692,1115172,0
3693,1115173,0
3694,1115174,0
3695,1115175,0
3696,1115176,0
3697,1115177,0
3698,1115178,0
3699,1115179,0
3700,1115180,0
3701,1115181,0
3702,1115182,0
3703,1115183,0
3704,1115184,0
3705,1115185,0
3706,1115186,0
3707,1115187,0
3708,1115188,0
3709,1115189,0
3710,1115190,0
3711,1115191,0
3712,1115192,0
3713,1115193,0
3714,1115194,0
3715,1115195,0
3716,1115196,0
3717,1115197,0
3718,1115198,0
3719,1115199,0
3720,1115200,0
3721,1115201,0
3722,1115202,0
3723,1115203,0
3724,1115204,0
3725,1115205,0
3726,1115206,0
3727,1115207,0
3728,1115208,0
3729,1115209,0
3730,1115210,0
3731,1115211,0
3732,1115212,0
3733,1115213,0
3734,1115214,0
3735,1115215,0
3736,1115216,0
3737,1115217,0
3738,1115218,0
3739,1115219,0
3740,1115220,0
3741,1115221,0
3742,1115222,0
3743,1115223,0
3744,1115224,0
3745,1115225,0
3746,1115226,0
3747,1115227,0
3748,1115228,0
3749,1115229,0
3750,1115230,0
3751,1115231,0
3752,1115232,0
3753,1115233,0
3754,1115234,0
3755,1115235,0
3756,1115236,0
3757,1115237,0
3758,1115238,0
3759,1115239,0
3760,1115240,0
3761,1115241,0
3762,1115242,0
3763,1115243,0
3764,1115244,0
3765,1115245,0
3766,1115246,0
3767,1115247,0
3768,1115248,0
3769,1115249,0
3770,1115250,0
3771,1115251,0
3772,1115252,0
3773,1115253,0
3774,1115254,0
3775,1115255,0
3776,1115256,0
3777,1115257,0
3778,1115258,0
3779,1115259,0
3780,1115260,0
3781,1115261,0
3782,1115262,0
3783,1115263,0
3784,1115264,0
3785,1115265,0
3786,1115266,0
3787,1115267,0
3788,1115268,0
3789,1115269,0
3790,1115270,0
3791,1115271,0
3792,1115272,0
3793,1115273,0
3794,1115274,0
3795,1115275,0
3796,1115276,0
3797,1115277,0
3798,1115278,0
3799,1115279,0
3800,1115280,0
3801,1115281,0
3802,1115282,0
3803,1115283,0
3804,1115284,0
3805,1115285,0
3806,1115286,0
3807,1115287,0
3808,1115288,0
3809,1115289,0
3810,1115290,0
3811,1115291,0
3812,1115292,0
3813,1115293,0
3814,1115294,0
3815,1115295,0
3816,1115296,0
3817,1115297,0
3818,1115298,0
3819,1115299,0
3820,1115300,0
3821,1115301,0
3822,1115302,0
3823,1115303,0
3824,1115304,0
3825,1115305,0
3826,1115306,0
3827,1115307,0
3828,1115308,0
3829,1115309,0
3830,1115310,0
3831,1115311,0
3832,1115312,0
3833,1115313,0
3834,1115314,0
3835,1115315,0
3836,1115316,0
3837,1115317,0
3838,1115318,0
3839,1115319,0
3840,1115320,0
3841,1115321,0
3842,1115322,0
3843,1115323,0
3844,1115324,0
3845,1115325,0
3846,1115326,0
3847,1115327,0
3848,1115328,0
3849,1115329,0
3850,1115330,0
3851,1115331,0
3852,1115332,0
3853,1115333,0
3854,1115334,0
3855,1115335,0
3856,1115336,0
3857,1115337,0
3858,1115338,0
3859,1115339,0
3860,1115340,0
3861,1115341,0
3862,1115342,0
3863,1115343,0
3864,1115344,0
3865,1115345,0
3866,1115346,0
3867,1115347,0
3868,1115348,0
3869,1115349,0
3870,1115350,0
3871,1115351,0
3872,1115352,0
3873,1115353,0
3874,1115354,0
3875,1115355,0
3876,1115356,0
3877,1115357,0
3878,1115358,0
3879,1115359,0
3880,1115360,0
3881,1115361,0
3882,1115362,0
3883,1115363,0
3884,1115364,0
3885,1115365,0
3886,1115366,0
3887,1115367,0
3888,1115368,0
3889,1115369,0
3890,1115370,0
3891,1115371,0
3892,1115372,0
3893,1115468,0
3894,1115373,0
3895,1115374,0
3896,1115375,0
3897,1115376,0
3898,1115377,0
3899,1115378,0
3900,1115379,0
3901,1115380,0
3902,1115381,0
3903,1115382,0
3904,1115383,0
3905,1115384,0
3906,1115385,0
3907,1115386,0
3908,1115387,0
3909,1115388,0
3910,1115389,0
3911,1115390,0
3912,1115391,0
3913,1115392,0
3914,1115393,0
3915,1115394,0
3916,1115395,0
3917,1115396,0
3918,1115397,0
3919,1115398,0
3920,1115399,0
3921,1115400,0
3922,1115401,0
3923,1115402,0
3924,1115403,0
3925,1115404,0
3926,1115405,0
3927,1115406,0
3928,1115407,0
3929,1115408,0
3930,1115409,0
3931,1115410,0
3932,1115411,0
3933,1115412,0
3934,1115413,0
3935,1115414,0
3936,1115415,0
3937,1115416,0
3938,1115417,0
3939,1115418,0
3940,1115419,0
3941,1115420,0
3942,1115421,0
3943,1115422,0
3944,1115423,0
3945,1115424,0
3946,1115425,0
3947,1115426,0
3948,1115427,0
3949,1115428,0
3950,1115429,0
3951,1115430,0
3952,1115431,0
3953,1115432,0
3954,1115433,0
3955,1115434,0
3956,1115435,0
3957,1115436,0
3958,1115437,0
3959,1115438,0
3960,1115439,0
3961,1115440,0
3962,1115441,0
3963,1115442,0
3964,1115443,0
3965,1115444,0
3966,1115445,0
3967,1115446,0
3968,1115447,0
3969,1115448,0
3970,1115449,0
3971,1115450,0
3972,1115451,0
3973,1115452,0
3974,1115453,0
3975,1115454,0
3976,1115455,0
3977,1115456,0
3978,1115457,0
3979,1115458,0
3980,1115459,0
3981,1115460,0
3982,1115461,0
3983,1115462,0
3984,1115463,0
3985,1115464,0
3986,1115465,0
3987,1115466,0
3988,1115467,0
3989,1115469,0
3990,1115470,0
3991,1115471,0
3992,1115472,0
3993,1115473,0
3994,1115474,0
3995,1115475,0
3996,1115476,0
3997,1115477,0
3998,1115478,0
3999,1115479,0
4000,1115480,0
4001,1115481,0
4002,1115482,0
4003,1115483,0
4004,1115484,0
4005,1115485,0
4006,1115486,0
4007,1115487,0
4008,1115488,0
4009,1115489,0
4010,1115490,0
4011,1115491,0
4012,1115492,0
4013,1115493,0
4014,1115494,0
4015,1115495,0
4016,1115496,0
4017,1115497,0
4018,1115498,0
4019,1115499,0
4020,1115500,0
4021,1115501,0
4022,1115502,0
4023,1115503,0
4024,1115504,0
4025,1115505,0
4026,1115506,0
4027,1115507,0
4028,1115508,0
4029,1115509,0
4030,1115510,0
4031,1115511,0
4032,1115512,0
4033,1115513,0
4034,1115514,0
4035,1115515,0
4036,1115516,0
4037,1115517,0
4038,1115518,0
4039,1115519,0
4040,1115520,0
4041,1115521,0
4042,1115522,0
4043,1115523,0
4044,1115524,0
4045,1115525,0
4046,1115526,0
4047,1115527,0
4048,1115528,0
4049,1115529,0
4050,1115530,0
4051,1115531,0
4052,1115532,0
4053,1115533,0
4054,1115534,0
4055,1115535,0
4056,1115536,0
4057,1115537,0
4058,1115538,0
4059,1115539,0
4060,1115540,0
4061,1115541,0
4062,1115542,0
4063,1115543,0
4064,1115544,0
4065,1115545,0
4066,1115546,0
4067,1115547,0
4068,1115548,0
4069,1115549,0
4070,1115550,0
4071,1115551,0
4072,1115552,0
4073,1115553,0
4074,1115554,0
4075,1115555,0
4076,1115556,0
4077,1115557,0
4078,1115558,0
4079,1115559,0
4080,1115560,0
4081,1115561,0
4082,1115562,0
4083,1115563,0
4084,1115564,0
4085,1115565,0
4086,1115566,0
4087,1115567,0
4088,1115568,0
4089,1115569,0
4090,1115570,0
4091,1115571,0
4092,1115572,0
4093,1115573,0
4094,1115574,0
4095,1115575,0
4096,1115576,0
4097,1115577,0
4098,1115578,0
4099,1115579,0
4100,1115580,0
4101,1115581,0
4102,1115582,0
4103,1115583,0
4104,1115584,0
4105,1115585,0
4106,1115586,0
4107,1115587,0
4108,1115588,0
4109,1115589,0
4110,1115590,0
4111,1115591,0
4112,1115592,0
4113,1115593,0
4114,1115594,0
4115,1115595,0
4116,1115596,0
4117,1115597,0
4118,1115598,0
4119,1115599,0
4120,1115600,0
4121,1115601,0
4122,1115602,0
4123,1115603,0
4124,1115604,0
4125,1115605,0
4126,1115606,0
4127,1115607,0
4128,1115608,0
4129,1115609,0
4130,1115610,0
4131,1115611,0
4132,1115612,0
4133,1115613,0
4134,1115614,0
4135,1115615,0
4136,1115616,0
4137,1115617,0
4138,1115618,0
4139,1115667,0
4140,1115619,0
4141,1115620,0
4142,1115621,0
4143,1115622,0
4144,1115623,0
4145,1115624,0
4146,1115625,0
4147,1115626,0
4148,1115627,0
4149,1115628,0
4150,1115629,0
4151,1115630,0
4152,1115631,0
4153,1115632,0
4154,1115633,0
4155,1115634,0
4156,1115635,0
4157,1115636,0
4158,1115637,0
4159,1115638,0
4160,1115639,0
4161,1115640,0
4162,1115641,0
4163,1115642,0
4164,1115643,0
4165,1115644,0
4166,1115645,0
4167,1115646,0
4168,1115647,0
4169,1115648,0
4170,1115649,0
4171,1115650,0
4172,1115651,0
4173,1115652,0
4174,1115653,0
4175,1115654,0
4176,1115655,0
4177,1115656,0
4178,1115657,0
4179,1115658,0
4180,1115659,0
4181,1115660,0
4182,1115661,0
4183,1115662,0
4184,1115663,0
4185,1115664,0
4186,1115665,0
4187,1115666,0
4188,1115668,0
4189,1115669,0
4190,1115670,0
4191,1115671,0
4192,1115672,0
4193,1115673,0
4194,1115674,0
4195,1115675,0
4196,1115676,0
4197,1115677,0
4198,1115678,0
4199,1115679,0
4200,1115680,0
4201,1115681,0
4202,1115682,0
4203,1115683,0
4204,1115684,0
4205,1115685,0
4206,1115686,0
4207,1115687,0
4208,1115688,0
4209,1115689,0
4210,1115690,0
4211,1115691,0
4212,1115692,0
4213,1115693,0
4214,1115694,0
4215,1115695,0
4216,1115696,0
4217,1115697,0
4218,1115698,0
4219,1115699,0
4220,1115700,0
4221,1115701,0
4222,1115702,0
4223,1115703,0
4224,1115704,0
4225,1115705,0
4226,1115706,0
4227,1115707,0
4228,1115708,0
4229,1115709,0
4230,1115710,0
4231,1115711,0
4232,1115712,0
4233,1115713,0
4234,1115714,0
4235,1115715,0
4236,1115716,0
4237,1115717,0
4238,1115718,0
4239,1115719,0
4240,1115720,0
4241,1115721,0
4242,1115722,0
4243,1115723,0
4244,1115724,0
4245,1115725,0
4246,1115726,0
4247,1115727,0
4248,1115728,0
4249,1115729,0
4250,1115730,0
4251,1115731,0
4252,1115732,0
4253,1115733,0
4254,1115734,0
4255,1115735,0
4256,1115736,0
4257,1115737,0
4258,1115738,0
4259,1115739,0
4260,1115740,0
4261,1115741,0
4262,1115742,0
4263,1115743,0
4264,1115744,0
4265,1115745,0
4266,1115746,0
4267,1115747,0
4268,1115748,0
4269,1115749,0
4270,1115750,0
4271,1115751,0
4272,1115752,0
4273,1115753,0
4274,1115754,0
4275,1115755,0
4276,1115756,0
4277,1115757,0
4278,1115758,0
4279,1115759,0
4280,1115760,0
4281,1115761,0
4282,1115762,0
4283,1115763,0
4284,1115764,0
4285,1115765,0
4286,1115766,0
4287,1115767,0
4288,1115870,0
4289,1115768,0
4290,1115769,0
4291,1115770,0
4292,1115771,0
4293,1115772,0
4294,1115773,0
4295,1115774,0
4296,1115775,0
4297,1115776,0
4298,1115777,0
4299,1115778,0
4300,1115779,0
4301,1115780,0
4302,1115781,0
4303,1115782,0
4304,1115783,0
4305,1115784,0
4306,1115785,0
4307,1115786,0
4308,1115787,0
4309,1115788,0
4310,1115789,0
4311,1115790,0
4312,1115791,0
4313,1115792,0
4314,1115793,0
4315,1115794,0
4316,1115795,0
4317,1115796,0
4318,1115797,0
4319,1115798,0
4320,1115799,0
4321,1115800,0
4322,1115801,0
4323,1115802,0
4324,1115803,0
4325,1115804,0
4326,1115805,0
4327,1115806,0
4328,1115807,0
4329,1115808,0
4330,1115809,0
4331,1115810,0
4332,1115811,0
4333,1115812,0
4334,1115813,0
4335,1115814,0
4336,1115815,0
4337,1115816,0
4338,1115817,0
4339,1115818,0
4340,1115819,0
4341,1115820,0
4342,1115821,0
4343,1115822,0
4344,1115823,0
4345,1115824,0
4346,1115825,0
4347,1115826,0
4348,1115827,0
4349,1115828,0
4350,1115829,0
4351,1115830,0
4352,1115831,0
4353,1115832,0
4354,1115833,0
4355,1115834,0
4356,1115835,0
4357,1115836,0
4358,1115837,0
4359,1115838,0
4360,1115839,0
4361,1115840,0
4362,1115841,0
4363,1115842,0
4364,1115843,0
4365,1115844,0
4366,1115845,0
4367,1115846,0
4368,1115847,0
4369,1115848,0
4370,1115849,0
4371,1115850,0
4372,1115851,0
4373,1115852,0
4374,1115853,0
4375,1115854,0
4376,1115855,0
4377,1115856,0
4378,1115857,0
4379,1115858,0
4380,1115859,0
4381,1115860,0
4382,1115861,0
4383,1115862,0
4384,1115863,0
4385,1115864,0
4386,1115865,0
4387,1115866,0
4388,1115867,0
4389,1115868,0
4390,1115869,0
4391,1115871,0
4392,1115872,0
4393,1115873,0
4394,1115874,0
4395,1115875,0
4396,1115876,0
4397,1115877,0
4398,1115878,0
4399,1115879,0
4400,1115880,0
4401,1115881,0
4402,1115882,0
4403,1115883,0
4404,1115884,0
4405,1115885,0
4406,1115886,0
4407,1115887,0
4408,1115888,0
4409,1115889,0
4410,1115890,0
4411,1115891,0
4412,1115892,0
4413,1115893,0
4414,1115894,0
4415,1115895,0
4416,1115896,0
4417,1115897,0
4418,1115898,0
4419,1115899,0
4420,1115900,0
4421,1115901,0
4422,1115902,0
4423,1115903,0
4424,1115904,0
4425,1115905,0
4426,1115906,0
4427,1115907,0
4428,1115908,0
4429,1115909,0
4430,1115910,0
4431,1115911,0
4432,1115912,0
4433,1115913,0
4434,1115914,0
4435,1115915,0
4436,1115916,0
4437,1115917,0
4438,1115918,0
4439,1115919,0
4440,1115920,0
4441,1115921,0
4442,1115922,0
4443,1115923,0
4444,1115924,0
4445,1115925,0
4446,1115926,0
4447,1115927,0
4448,1115928,0
4449,1115929,0
4450,1115930,0
4451,1115931,0
4452,1115932,0
4453,1115933,0
4454,1115934,0
4455,1115935,0
4456,1115936,0
4457,1115937,0
4458,1115938,0
4459,1115939,0
4460,1115940,0
4461,1115941,0
4462,1115942,0
4463,1115943,0
4464,1115944,0
4465,1115945,0
4466,1115946,0
4467,1115947,0
4468,1115948,0
4469,1115949,0
4470,1115950,0
4471,1115951,0
4472,1115952,0
4473,1115953,0
4474,1115954,0
4475,1115955,0
4476,1115956,0
4477,1115957,0
4478,1115958,0
4479,1115959,0
4480,1115960,0
4481,1115961,0
4482,1115962,0
4483,1115963,0
4484,1115964,0
4485,1115965,0
4486,1115966,0
4487,1115967,0
4488,1115968,0
4489,1115969,0
4490,1115970,0
4491,1115971,0
4492,1115972,0
4493,1115973,0
4494,1115974,0
4495,1115975,0
4496,1115976,0
4497,1115977,0
4498,1115978,0
4499,1115979,0
4500,1115980,0
4501,1115981,0
4502,1115982,0
4503,1115983,0
4504,1115984,0
4505,1115985,0
4506,1115986,0
4507,1115987,0
4508,1115988,0
4509,1115989,0
4510,1115990,0
4511,1115991,0
4512,1115992,0
4513,1115993,0
4514,1115994,0
4515,1115995,0
4516,1115996,0
4517,1115997,0
4518,1115998,0
4519,1115999,0
4520,1116000,0
4521,1116001,0
4522,1116002,0
4523,1116003,0
4524,1116004,0
4525,1116005,0
4526,1116006,0
4527,1116007,0
4528,1116008,0
4529,1116009,0
4530,1116010,0
4531,1116011,0
4532,1116012,0
4533,1116013,0
4534,1116014,0
4535,1116015,0
4536,1116016,0
4537,1116017,0
4538,1116018,0
4539,1116019,0
4540,1116020,0
4541,1116021,0
4542,1116022,0
4543,1116023,0
4544,1116024,0
4545,1116025,0
4546,1116026,0
4547,1116027,0
4548,1116028,0
4549,1116029,0
4550,1116030,0
4551,1116031,0
4552,1116032,0
4553,1116033,0
4554,1116034,0
4555,1116035,0
4556,1116036,0
4557,1116037,0
4558,1116038,0
4559,1116039,0
4560,1116040,0
4561,1116041,0
4562,1116042,0
4563,1116043,0
4564,1116044,0
4565,1116045,0
4566,1116046,0
4567,1116047,0
4568,1116048,0
4569,1116049,0
4570,1116050,0
4571,1116051,0
4572,1116052,0
4573,1116053,0
4574,1116054,0
4575,1116055,0
4576,1116056,0
4577,1116057,0
4578,1116058,0
4579,1116059,0
4580,1116060,0
4581,1116061,0
4582,1116062,0
4583,1116063,0
4584,1116064,0
4585,1116065,0
4586,1116066,0
4587,1116067,0
4588,1116068,0
4589,1116069,0
4590,1116070,0
4591,1116071,0
4592,1116072,0
4593,1116073,0
4594,1116074,0
4595,1116075,0
4596,1116076,0
4597,1116077,0
4598,1116078,0
4599,1116079,0
4600,1116080,0
4601,1116081,0
4602,1116082,0
4603,1116083,0
4604,1116084,0
4605,1116085,0
4606,1116086,0
4607,1116087,0
4608,1116088,0
4609,1116089,0
4610,1116090,0
4611,1116091,0
4612,1116092,0
4613,1116093,0
4614,1116094,0
4615,1116095,0
4616,1116096,0
4617,1116097,0
4618,1116098,0
4619,1116099,0
4620,1116100,0
4621,1116101,0
4622,1116102,0
4623,1116103,0
4624,1116104,0
4625,1116105,0
4626,1116106,0
4627,1116107,0
4628,1116108,0
4629,1116109,0
4630,1116110,0
4631,1116111,0
4632,1116112,0
4633,1116113,0
4634,1116114,0
4635,1116115,0
4636,1116116,0
4637,1116117,0
4638,1116118,0
4639,1116119,0
4640,1116120,0
4641,1116121,0
4642,1116122,0
4643,1116123,0
4644,1116124,0
4645,1116125,0
4646,1116126,0
4647,1116127,0
4648,1116128,0
4649,1116129,0
4650,1116130,0
4651,1116131,0
4652,1116132,0
4653,1116133,0
4654,1116134,0
4655,1116135,0
4656,1116136,0
4657,1116137,0
4658,1116138,0
4659,1116139,0
4660,1116140,0
4661,1116141,0
4662,1116142,0
4663,1116143,0
4664,1116144,0
4665,1116145,0
4666,1116146,0
4667,1116147,0
4668,1116148,0
4669,1116149,0
4670,1116150,0
4671,1116151,0
4672,1116152,0
4673,1116153,0
4674,1116154,0
4675,1116155,0
4676,1116156,0
4677,1116157,0
4678,1116158,0
4679,1116159,0
4680,1116160,0
4681,1116161,0
4682,1116162,0
4683,1116163,0
4684,1116164,0
4685,1116165,0
4686,1116166,0
4687,1116167,0
4688,1116168,0
4689,1116169,0
4690,1116170,0
4691,1116171,0
4692,1116172,0
4693,1116173,0
4694,1116174,0
4695,1117256,0
4696,1116175,0
4697,1116176,0
4698,1116177,0
4699,1116178,0
4700,1116179,0
4701,1116180,0
4702,1116181,0
4703,1116182,0
4704,1116183,0
4705,1116184,0
4706,1116185,0
4707,1116186,0
4708,1116187,0
4709,1116188,0
4710,1116189,0
4711,1116190,0
4712,1116191,0
4713,1116192,0
4714,1116193,0
4715,1116194,0
4716,1116195,0
4717,1116196,0
4718,1116197,0
4719,1116198,0
4720,1116199,0
4721,1116200,0
4722,1116201,0
4723,1116202,0
4724,1116203,0
4725,1116204,0
4726,1116205,0
4727,1116206,0
4728,1116207,0
4729,1116208,0
4730,1116209,0
4731,1116210,0
4732,1116211,0
4733,1116212,0
4734,1116213,0
4735,1116214,0
4736,1116215,0
4737,1116216,0
4738,1116217,0
4739,1116218,0
4740,1116219,0
4741,1116220,0
4742,1116221,0
4743,1116222,0
4744,1116223,0
4745,1116224,0
4746,1117355,0
4747,1116225,0
4748,1116226,0
4749,1116227,0
4750,1116228,0
4751,1116229,0
4752,1116230,0
4753,1116231,0
4754,1116232,0
4755,1116233,0
4756,1116234,0
4757,1116235,0
4758,1116236,0
4759,1116237,0
4760,1116238,0
4761,1116239,0
4762,1116240,0
4763,1116241,0
4764,1116242,0
4765,1116243,0
4766,1116244,0
4767,1116245,0
4768,1116246,0
4769,1116247,0
4770,1116248,0
4771,1116249,0
4772,1116250,0
4773,1116251,0
4774,1116252,0
4775,1116253,0
4776,1116254,0
4777,1116255,0
4778,1116256,0
4779,1116257,0
4780,1116258,0
4781,1116259,0
4782,1116260,0
4783,1116261,0
4784,1116262,0
4785,1116263,0
4786,1116264,0
4787,1116265,0
4788,1116266,0
4789,1116267,0
4790,1116268,0
4791,1116269,0
4792,1116270,0
4793,1116271,0
4794,1116272,0
4795,1116273,0
4796,1116274,0
4797,1116275,0
4798,1116276,0
4799,1116277,0
4800,1116278,0
4801,1116279,0
4802,1116280,0
4803,1116281,0
4804,1116282,0
4805,1116283,0
4806,1116284,0
4807,1116285,0
4808,1116286,0
4809,1116287,0
4810,1116288,0
4811,1116289,0
4812,1116290,0
4813,1116291,0
4814,1116292,0
4815,1116293,0
4816,1116294,0
4817,1116295,0
4818,1116296,0
4819,1116297,0
4820,1116298,0
4821,1116299,0
4822,1116300,0
4823,1116301,0
4824,1116302,0
4825,1116303,0
4826,1116304,0
4827,1116305,0
4828,1116306,0
4829,1116307,0
4830,1116308,0
4831,1116309,0
4832,1116310,0
4833,1116311,0
4834,1116312,0
4835,1116313,0
4836,1116314,0
4837,1116315,0
4838,1116316,0
4839,1116317,0
4840,1116318,0
4841,1116319,0
4842,1116320,0
4843,1116321,0
4844,1116322,0
4845,1116323,0
4846,1116324,0
4847,1116325,0
4848,1116326,0
4849,1116327,0
4850,1116328,0
4851,1116329,0
4852,1116330,0
4853,1116331,0
4854,1116332,0
4855,1116333,0
4856,1116334,0
4857,1116335,0
4858,1116336,0
4859,1116337,0
4860,1116338,0
4861,1116339,0
4862,1116340,0
4863,1116341,0
4864,1116342,0
4865,1116343,0
4866,1116344,0
4867,1116345,0
4868,1116346,0
4869,1116347,0
4870,1116348,0
4871,1116349,0
4872,1116350,0
4873,1116351,0
4874,1116352,0
4875,1116353,0
4876,1116354,0
4877,1116355,0
4878,1116356,0
4879,1116357,0
4880,1116358,0
4881,1116359,0
4882,1116360,0
4883,1116361,0
4884,1116362,0
4885,1116363,0
4886,1116364,0
4887,1116365,0
4888,1116366,0
4889,1116367,0
4890,1116368,0
4891,1116369,0
4892,1116370,0
4893,1116371,0
4894,1116372,0
4895,1116373,0
4896,1116374,0
4897,1116375,0
4898,1116376,0
4899,1116377,0
4900,1116378,0
4901,1116379,0
4902,1116380,0
4903,1116381,0
4904,1116382,0
4905,1116383,0
4906,1116384,0
4907,1116385,0
4908,1116386,0
4909,1116387,0
4910,1116388,0
4911,1116389,0
4912,1116390,0
4913,1116391,0
4914,1116392,0
4915,1116393,0
4916,1116394,0
4917,1116395,0
4918,1116396,0
4919,1116397,0
4920,1116398,0
4921,1116399,0
4922,1116400,0
4923,1116401,0
4924,1116402,0
4925,1116403,0
4926,1116404,0
4927,1116405,0
4928,1116406,0
4929,1116407,0
4930,1116408,0
4931,1116409,0
4932,1116410,0
4933,1116411,0
4934,1116412,0
4935,1116413,0
4936,1116414,0
4937,1116415,0
4938,1116416,0
4939,1116417,0
4940,1116418,0
4941,1116419,0
4942,1116420,0
4943,1116421,0
4944,1116422,0
4945,1116423,0
4946,1116424,0
4947,1116425,0
4948,1116426,0
4949,1116427,0
4950,1116428,0
4951,1116429,0
4952,1116430,0
4953,1116431,0
4954,1116432,0
4955,1116433,0
4956,1116434,0
4957,1116435,0
4958,1116436,0
4959,1116437,0
4960,1116438,0
4961,1116439,0
4962,1116440,0
4963,1116441,0
4964,1116442,0
4965,1116443,0
4966,1116444,0
4967,1116445,0
4968,1116446,0
4969,1116447,0
4970,1116448,0
4971,1116449,0
4972,1116450,0
4973,1116451,0
4974,1116452,0
4975,1116453,0
4976,1116454,0
4977,1116455,0
4978,1116456,0
4979,1116457,0
4980,1116458,0
4981,1116459,0
4982,1116460,0
4983,1116461,0
4984,1116462,0
4985,1116463,0
4986,1116464,0
4987,1116465,0
4988,1116466,0
4989,1116467,0
4990,1116468,0
4991,1116469,0
4992,1116470,0
4993,1116471,0
4994,1116472,0
4995,1116473,0
4996,1116474,0
4997,1116475,0
4998,1116476,0
4999,1116477,0
5000,1116478,0
5001,1116479,0
5002,1116480,0
5003,1116481,0
5004,1116482,0
5005,1116483,0
5006,1116484,0
5007,1116485,0
5008,1116486,0
5009,1116487,0
5010,1116488,0
5011,1116489,0
5012,1116490,0
5013,1116491,0
5014,1116492,0
5015,1116493,0
5016,1116494,0
5017,1116495,0
5018,1116496,0
5019,1116497,0
5020,1116498,0
5021,1116499,0
5022,1116500,0
5023,1116501,0
5024,1116502,0
5025,1116503,0
5026,1116504,0
5027,1116505,0
5028,1116506,0
5029,1116507,0
5030,1116508,0
5031,1116509,0
5032,1116510,0
5033,1116511,0
5034,1116512,0
5035,1116513,0
5036,1116514,0
5037,1116515,0
5038,1116516,0
5039,1116517,0
5040,1116518,0
5041,1116519,0
5042,1116520,0
5043,1116521,0
5044,1116522,0
5045,1116523,0
5046,1116524,0
5047,1116525,0
5048,1116526,0
5049,1116527,0
5050,1116528,0
5051,1116529,0
5052,1116530,0
5053,1116531,0
5054,1116532,0
5055,1116533,0
5056,1116534,0
5057,1116535,0
5058,1116536,0
5059,1116537,0
5060,1116538,0
5061,1116539,0
5062,1116540,0
5063,1116541,0
5064,1116542,0
5065,1116543,0
5066,1116544,0
5067,1116545,0
5068,1116546,0
5069,1116547,0
5070,1116548,0
5071,1116549,0
5072,1116550,0
5073,1116551,0
5074,1116552,0
5075,1116553,0
5076,1116554,0
5077,1116555,0
5078,1116556,0
5079,1116557,0
5080,1116558,0
5081,1116559,0
5082,1116560,0
5083,1116561,0
5084,1116562,0
5085,1116563,0
5086,1116564,0
5087,1116565,0
5088,1116566,0
5089,1116567,0
5090,1116568,0
5091,1116569,0
5092,1116570,0
5093,1116571,0
5094,1116572,0
5095,1116573,0
5096,1116574,0
5097,1116575,0
5098,1116576,0
5099,1116577,0
5100,1116578,0
5101,1116579,0
5102,1116580,0
5103,1116581,0
5104,1116582,0
5105,1116583,0
5106,1116584,0
5107,1116585,0
5108,1116586,0
5109,1116587,0
5110,1116588,0
5111,1116589,0
5112,1116590,0
5113,1116591,0
5114,1116592,0
5115,1116593,0
5116,1116594,0
5117,1116595,0
5118,1116596,0
5119,1116597,0
5120,1116598,0
5121,1116599,0
5122,1116600,0
5123,1116601,0
5124,1116602,0
5125,1116603,0
5126,1116604,0
5127,1116605,0
5128,1116606,0
5129,1116607,0
5130,1116608,0
5131,1116609,0
5132,1116610,0
5133,1116611,0
5134,1116612,0
5135,1116613,0
5136,1116614,0
5137,1116615,0
5138,1116616,0
5139,1116617,0
5140,1116618,0
5141,1116619,0
5142,1116620,0
5143,1116621,0
5144,1116622,0
5145,1116623,0
5146,1116624,0
5147,1116625,0
5148,1116626,0
5149,1116627,0
5150,1116628,0
5151,1116629,0
5152,1116630,0
5153,1116631,0
5154,1116632,0
5155,1116633,0
5156,1116634,0
5157,1116635,0
5158,1116636,0
5159,1116637,0
5160,1116638,0
5161,1116639,0
5162,1116640,0
5163,1116641,0
5164,1116642,0
5165,1116643,0
5166,1116644,0
5167,1116645,0
5168,1116646,0
5169,1116647,0
5170,1116648,0
5171,1116649,0
5172,1116650,0
5173,1116651,0
5174,1116652,0
5175,1116653,0
5176,1116654,0
5177,1116655,0
5178,1116656,0
5179,1116657,0
5180,1116658,0
5181,1116659,0
5182,1116660,0
5183,1116661,0
5184,1116662,0
5185,1116663,0
5186,1116664,0
5187,1116665,0
5188,1116666,0
5189,1116667,0
5190,1116668,0
5191,1116669,0
5192,1116670,0
5193,1116671,0
5194,1116672,0
5195,1116673,0
5196,1116674,0
5197,1116675,0
5198,1116676,0
5199,1116677,0
5200,1116678,0
5201,1116679,0
5202,1116680,0
5203,1116681,0
5204,1116682,0
5205,1116683,0
5206,1116684,0
5207,1116685,0
5208,1116686,0
5209,1116687,0
5210,1116688,0
5211,1116689,0
5212,1116690,0
5213,1116691,0
5214,1116692,0
5215,1116693,0
5216,1116694,0
5217,1116695,0
5218,1116696,0
5219,1116697,0
5220,1116698,0
5221,1116699,0
5222,1116700,0
5223,1116701,0
5224,1116702,0
5225,1116703,0
5226,1116704,0
5227,1116705,0
5228,1116706,0
5229,1116707,0
5230,1116708,0
5231,1116709,0
5232,1116710,0
5233,1116711,0
5234,1116712,0
5235,1116713,0
5236,1116714,0
5237,1116715,0
5238,1116716,0
5239,1116717,0
5240,1116718,0
5241,1116719,0
5242,1116720,0
5243,1116721,0
5244,1116722,0
5245,1116723,0
5246,1116724,0
5247,1116725,0
5248,1116726,0
5249,1116727,0
5250,1116728,0
5251,1116729,0
5252,1116730,0
5253,1116731,0
5254,1116732,0
5255,1116733,0
5256,1116734,0
5257,1116735,0
5258,1116736,0
5259,1116737,0
5260,1116738,0
5261,1116739,0
5262,1116740,0
5263,1116741,0
5264,1116742,0
5265,1116743,0
5266,1116744,0
5267,1116745,0
5268,1116746,0
5269,1116747,0
5270,1116748,0
5271,1116749,0
5272,1116750,0
5273,1116751,0
5274,1116752,0
5275,1116753,0
5276,1116754,0
5277,1116755,0
5278,1116756,0
5279,1116757,0
5280,1116758,0
5281,1116759,0
5282,1116760,0
5283,1116761,0
5284,1116762,0
5285,1116763,0
5286,1116764,0
5287,1116765,0
5288,1116766,0
5289,1116767,0
5290,1116768,0
5291,1116769,0
5292,1116770,0
5293,1116771,0
5294,1116772,0
5295,1116773,0
5296,1116774,0
5297,1116775,0
5298,1116776,0
5299,1116777,0
5300,1116778,0
5301,1116779,0
5302,1116780,0
5303,1116781,0
5304,1116782,0
5305,1116783,0
5306,1116784,0
5307,1116785,0
5308,1116786,0
5309,1116787,0
5310,1116788,0
5311,1116789,0
5312,1116790,0
5313,1116791,0
5314,1116792,0
5315,1116793,0
5316,1116794,0
5317,1116795,0
5318,1116796,0
5319,1116797,0
5320,1116798,0
5321,1116799,0
5322,1116800,0
5323,1116801,0
5324,1116802,0
5325,1116803,0
5326,1116804,0
5327,1116805,0
5328,1116806,0
5329,1116807,0
5330,1116808,0
5331,1116809,0
5332,1116810,0
5333,1116811,0
5334,1116812,0
5335,1116813,0
5336,1116814,0
5337,1116815,0
5338,1116816,0
5339,1116817,0
5340,1116818,0
5341,1116819,0
5342,1116820,0
5343,1116821,0
5344,1116822,0
5345,1116823,0
5346,1116824,0
5347,1116825,0
5348,1116826,0
5349,1116827,0
5350,1116828,0
5351,1116829,0
5352,1116830,0
5353,1116831,0
5354,1116832,0
5355,1116833,0
5356,1116834,0
5357,1116835,0
5358,1116836,0
5359,1116837,0
5360,1116838,0
5361,1116839,0
5362,1116840,0
5363,1116841,0
5364,1116842,0
5365,1116843,0
5366,1116844,0
5367,1116845,0
5368,1116846,0
5369,1116847,0
5370,1116848,0
5371,1116849,0
5372,1116850,0
5373,1116851,0
5374,1116852,0
5375,1116853,0
5376,1116854,0
5377,1116855,0
5378,1116856,0
5379,1116857,0
5380,1116858,0
5381,1116859,0
5382,1116860,0
5383,1116861,0
5384,1116862,0
5385,1116863,0
5386,1116864,0
5387,1116865,0
5388,1116866,0
5389,1116867,0
5390,1116868,0
5391,1116869,0
5392,1116870,0
5393,1116871,0
5394,1116872,0
5395,1116873,0
5396,1116874,0
5397,1116875,0
5398,1116876,0
5399,1116877,0
5400,1116878,0
5401,1116879,0
5402,1116880,0
5403,1116881,0
5404,1116882,0
5405,1116883,0
5406,1116884,0
5407,1116885,0
5408,1116886,0
5409,1116887,0
5410,1116888,0
5411,1116889,0
5412,1116890,0
5413,1116891,0
5414,1116892,0
5415,1116893,0
5416,1116894,0
5417,1116895,0
5418,1116896,0
5419,1116897,0
5420,1116898,0
5421,1116899,0
5422,1116900,0
5423,1116901,0
5424,1116902,0
5425,1116903,0
5426,1116904,0
5427,1116905,0
5428,1116906,0
5429,1116907,0
5430,1116908,0
5431,1116909,0
5432,1116910,0
5433,1116911,0
5434,1116912,0
5435,1116913,0
5436,1116914,0
5437,1116915,0
5438,1116916,0
5439,1116917,0
5440,1116918,0
5441,1116919,0
5442,1116920,0
5443,1116921,0
5444,1116922,0
5445,1116923,0
5446,1116924,0
5447,1116925,0
5448,1116926,0
5449,1116927,0
5450,1116928,0
5451,1116929,0
5452,1116930,0
5453,1116931,0
5454,1116932,0
5455,1116933,0
5456,1116934,0
5457,1116935,0
5458,1116936,0
5459,1116937,0
5460,1116938,0
5461,1116939,0
5462,1116940,0
5463,1116941,0
5464,1116942,0
5465,1116943,0
5466,1116944,0
5467,1116945,0
5468,1116946,0
5469,1116947,0
5470,1116948,0
5471,1116949,0
5472,1116950,0
5473,1116951,0
5474,1116952,0
5475,1116953,0
5476,1116954,0
5477,1116955,0
5478,1116956,0
5479,1116957,0
5480,1116958,0
5481,1116959,0
5482,1116960,0
5483,1116961,0
5484,1116962,0
5485,1116963,0
5486,1116964,0
5487,1116965,0
5488,1116966,0
5489,1116967,0
5490,1116968,0
5491,1116969,0
5492,1116970,0
5493,1116971,0
5494,1116972,0
5495,1116973,0
5496,1116974,0
5497,1116975,0
5498,1116976,0
5499,1116977,0
5500,1116978,0
5501,1116979,0
5502,1116980,0
5503,1116981,0
5504,1116982,0
5505,1116983,0
5506,1116984,0
5507,1116985,0
5508,1116986,0
5509,1116987,0
5510,1116988,0
5511,1116989,0
5512,1116990,0
5513,1116991,0
5514,1116992,0
5515,1116993,0
5516,1116994,0
5517,1116995,0
5518,1116996,0
5519,1116997,0
5520,1116998,0
5521,1116999,0
5522,1117000,0
5523,1117001,0
5524,1117002,0
5525,1117003,0
5526,1117004,0
5527,1117005,0
5528,1117006,0
5529,1117007,0
5530,1117008,0
5531,1117009,0
5532,1117010,0
5533,1117011,0
5534,1117012,0
5535,1117013,0
5536,1117014,0
5537,1117015,0
5538,1117016,0
5539,1117017,0
5540,1117018,0
5541,1117019,0
5542,1117020,0
5543,1117021,0
5544,1117022,0
5545,1117023,0
5546,1117024,0
5547,1117025,0
5548,1117026,0
5549,1117027,0
5550,1117028,0
5551,1117029,0
5552,1117030,0
5553,1117031,0
5554,1117032,0
5555,1117033,0
5556,1117034,0
5557,1117035,0
5558,1117036,0
5559,1117037,0
5560,1117038,0
5561,1117039,0
5562,1117040,0
5563,1117041,0
5564,1117042,0
5565,1117043,0
5566,1117044,0
5567,1117045,0
5568,1117046,0
5569,1117047,0
5570,1117048,0
5571,1117049,0
5572,1117050,0
5573,1117051,0
5574,1117052,0
5575,1117053,0
5576,1117054,0
5577,1117055,0
5578,1117056,0
5579,1117057,0
5580,1117058,0
5581,1117059,0
5582,1117060,0
5583,1117061,0
5584,1117062,0
5585,1117063,0
5586,1117064,0
5587,1117065,0
5588,1117066,0
5589,1117067,0
5590,1117068,0
5591,1117069,0
5592,1117070,0
5593,1117071,0
5594,1117072,0
5595,1117073,0
5596,1117074,0
5597,1117075,0
5598,1117076,0
5599,1117077,0
5600,1117078,0
5601,1117079,0
5602,1117080,0
5603,1117081,0
5604,1117082,0
5605,1117083,0
5606,1117084,0
5607,1117085,0
5608,1117086,0
5609,1117087,0
5610,1117088,0
5611,1117089,0
5612,1117090,0
5613,1117091,0
5614,1117092,0
5615,1117093,0
5616,1117094,0
5617,1117095,0
5618,1117096,0
5619,1117097,0
5620,1117098,0
5621,1117099,0
5622,1117100,0
5623,1117101,0
5624,1117102,0
5625,1117103,0
5626,1117104,0
5627,1117105,0
5628,1117106,0
5629,1117107,0
5630,1117108,0
5631,1117109,0
5632,1117110,0
5633,1117111,0
5634,1117112,0
5635,1117113,0
5636,1117114,0
5637,1117115,0
5638,1117116,0
5639,1117117,0
5640,1117118,0
5641,1117119,0
5642,1117120,0
5643,1117121,0
5644,1117122,0
5645,1117123,0
5646,1117124,0
5647,1117125,0
5648,1117126,0
5649,1117127,0
5650,1117128,0
5651,1117129,0
5652,1117130,0
5653,1117131,0
5654,1117132,0
5655,1117133,0
5656,1117134,0
5657,1117135,0
5658,1117136,0
5659,1117137,0
5660,1117138,0
5661,1117139,0
5662,1117140,0
5663,1117141,0
5664,1117142,0
5665,1117143,0
5666,1117144,0
5667,1117145,0
5668,1117146,0
5669,1117147,0
5670,1117148,0
5671,1117149,0
5672,1117150,0
5673,1117151,0
5674,1117152,0
5675,1117153,0
5676,1117154,0
5677,1117155,0
5678,1117156,0
5679,1117157,0
5680,1117158,0
5681,1117159,0
5682,1117160,0
5683,1117161,0
5684,1117162,0
5685,1117163,0
5686,1117164,0
5687,1117165,0
5688,1117166,0
5689,1117167,0
5690,1117168,0
5691,1117169,0
5692,1117170,0
5693,1117171,0
5694,1117172,0
5695,1117173,0
5696,1117174,0
5697,1117175,0
5698,1117176,0
5699,1117177,0
5700,1117178,0
5701,1117179,0
5702,1117180,0
5703,1117181,0
5704,1117182,0
5705,1117183,0
5706,1117184,0
5707,1117185,0
5708,1117186,0
5709,1117187,0
5710,1117188,0
5711,1117189,0
5712,1117190,0
5713,1117191,0
5714,1117192,0
5715,1117193,0
5716,1117194,0
5717,1117195,0
5718,1117196,0
5719,1117197,0
5720,1117198,0
5721,1117199,0
5722,1117200,0
5723,1117201,0
5724,1117202,0
5725,1117203,0
5726,1117204,0
5727,1117205,0
5728,1117206,0
5729,1117207,0
5730,1117208,0
5731,1117209,0
5732,1117210,0
5733,1117211,0
5734,1117212,0
5735,1117213,0
5736,1117214,0
5737,1117215,0
5738,1117216,0
5739,1117217,0
5740,1117218,0
5741,1117219,0
5742,1117220,0
5743,1117221,0
5744,1117222,0
5745,1117223,0
5746,1117224,0
5747,1117225,0
5748,1117226,0
5749,1117227,0
5750,1117228,0
5751,1117229,0
5752,1117230,0
5753,1117231,0
5754,1117232,0
5755,1117233,0
5756,1117234,0
5757,1117235,0
5758,1117236,0
5759,1117237,0
5760,1117238,0
5761,1117239,0
5762,1117240,0
5763,1117241,0
5764,1117242,0
5765,1117243,0
5766,1117244,0
5767,1117245,0
5768,1117246,0
5769,1117247,0
5770,1117248,0
5771,1117249,0
5772,1117250,0
5773,1117251,0
5774,1117252,0
5775,1117253,0
5776,1117254,0
5777,1117255,0
5778,1117257,0
5779,1117258,0
5780,1117259,0
5781,1117260,0
5782,1117261,0
5783,1117262,0
5784,1117263,0
5785,1117264,0
5786,1117265,0
5787,1117266,0
5788,1117267,0
5789,1117268,0
5790,1117269,0
5791,1117270,0
5792,1117271,0
5793,1117272,0
5794,1117273,0
5795,1117274,0
5796,1117275,0
5797,1117276,0
5798,1117277,0
5799,1117278,0
5800,1117279,0
5801,1117280,0
5802,1117281,0
5803,1117282,0
5804,1117283,0
5805,1117284,0
5806,1117285,0
5807,1117286,0
5808,1117287,0
5809,1117288,0
5810,1117289,0
5811,1117290,0
5812,1117291,0
5813,1117292,0
5814,1117293,0
5815,1117294,0
5816,1117295,0
5817,1117296,0
5818,1117297,0
5819,1117298,0
5820,1117299,0
5821,1117300,0
5822,1117301,0
5823,1117302,0
5824,1117303,0
5825,1117304,0
5826,1117305,0
5827,1117306,0
5828,1117307,0
5829,1117308,0
5830,1117309,0
5831,1117310,0
5832,1117311,0
5833,1117312,0
5834,1117313,0
5835,1117314,0
5836,1117315,0
5837,1117316,0
5838,1117317,0
5839,1117318,0
5840,1117319,0
5841,1117320,0
5842,1117321,0
5843,1117322,0
5844,1117323,0
5845,1117324,0
5846,1117325,0
5847,1117326,0
5848,1117327,0
5849,1117328,0
5850,1117329,0
5851,1117330,0
5852,1117331,0
5853,1117332,0
5854,1117333,0
5855,1117334,0
5856,1117335,0
5857,1117336,0
5858,1117337,0
5859,1117338,0
5860,1117339,0
5861,1117340,0
5862,1117341,0
5863,1117342,0
5864,1117343,0
5865,1117344,0
5866,1117345,0
5867,1117346,0
5868,1117347,0
5869,1117348,0
5870,1117349,0
5871,1117350,0
5872,1117351,0
5873,1117352,0
5874,1117353,0
5875,1117354,0
5876,1117356,0
5877,1117357,0
5878,1117358,0
5879,1117359,0
5880,1117360,0
5881,1117361,0
5882,1117362,0
5883,1117363,0
5884,1117364,0
5885,1117365,0
5886,1117366,0
5887,1117367,0
5888,1117368,0
5889,1117369,0
5890,1117370,0
5891,1117371,0
5892,1117372,0
5893,1117373,0
5894,1117374,0
5895,1117375,0
5896,1117376,0
5897,1117377,0
5898,1117378,0
5899,1117379,0
5900,1117380,0
5901,1117381,0
5902,1117382,0
5903,1117383,0
5904,1117384,0
5905,1117385,0
5906,1117386,0
5907,1117387,0
5908,1117388,0
5909,1117389,0
5910,1117390,0
5911,1117391,0
5912,1117392,0
5913,1117393,0
5914,1117394,0
5915,1117395,0
5916,1117396,0
5917,1117397,0
5918,1117398,0
5919,1117399,0
5920,1117400,0
5921,1117401,0
5922,1117402,0
5923,1117403,0
5924,1117404,0
5925,1117405,0
5926,1117406,0
5927,1117407,0
5928,1117408,0
5929,1117409,0
5930,1117410,0
5931,1117411,0
5932,1117412,0
5933,1117413,0
5934,1117414,0
5935,1117415,0
5936,1117416,0
5937,1117417,0
5938,1117418,0
5939,1117419,0
5940,1117420,0
5941,1117421,0
5942,1117422,0
5943,1117423,0
5944,1117424,0
5945,1117425,0
5946,1117426,0
5947,1117427,0
5948,1117428,0
5949,1117429,0
5950,1117430,0
5951,1117431,0
5952,1117432,0
5953,1117433,0
5954,1117434,0
5955,1117435,0
5956,1117436,0
5957,1117437,0
5958,1117438,0
5959,1117439,0
5960,1117440,0
5961,1117441,0
5962,1117442,0
5963,1117443,0
5964,1117444,0
5965,1117445,0
5966,1117446,0
5967,1117447,0
5968,1117448,0
5969,1117449,0
5970,1117450,0
5971,1117451,0
5972,1117452,0
5973,1117453,0
5974,1117454,0
5975,1117455,0
5976,1117504,0
5977,1117456,0
5978,1117457,0
5979,1117458,0
5980,1117459,0
5981,1117460,0
5982,1117461,0
5983,1117462,0
5984,1117463,0
5985,1117464,0
5986,1117465,0
5987,1117466,0
5988,1117467,0
5989,1117468,0
5990,1117469,0
5991,1117470,0
5992,1117471,0
5993,1117472,0
5994,1117473,0
5995,1117474,0
5996,1117475,0
5997,1117476,0
5998,1117477,0
